"site","date","watershed","kingdom","phylum","class","order","family","genus","species","tot_read","Lowest_ID"
"PRM01",20211103,"PRF","Eukaryota","Arthropoda","Insecta","Diptera","Chironomidae","Corynoneura",,8,"Corynoneura"
"PRM01",20211103,"PRF","Eukaryota","Arthropoda","Insecta","Diptera","Chironomidae","Eukiefferiella","Eukiefferiella sp. BOLD:AAI5126",9,"Eukiefferiella sp. BOLD:AAI5126"
"PRM01",20211103,"PRF","Eukaryota","Arthropoda","Insecta","Diptera","Chironomidae","Polypedilum","Polypedilum aviceps",140,"Polypedilum aviceps"
"PRM01",20211103,"PRF","Eukaryota","Arthropoda","Insecta","Diptera","Chironomidae","Tanytarsus","Tanytarsus sp. BOLD-2016",47,"Tanytarsus sp. BOLD-2016"
"PRM01",20211103,"PRF","Eukaryota","Arthropoda","Insecta","Diptera","Chironomidae","Thienemanniella","Thienemanniella xena",8,"Thienemanniella xena"
"PRM01",20211103,"PRF","Eukaryota","Arthropoda","Insecta","Ephemeroptera","Ameletidae","Ameletus",,212,"Ameletus"
"PRM01",20211103,"PRF","Eukaryota","Arthropoda","Insecta","Plecoptera","Capniidae","Allocapnia","Allocapnia rickeri",74,"Allocapnia rickeri"
"PRM01",20211103,"PRF","Eukaryota","Arthropoda","Malacostraca","Decapoda","Cambaridae","Cambarus",,55,"Cambarus"
"PRM01",20211103,"PRF","Eukaryota","Arthropoda","Malacostraca","Decapoda","Cambaridae",,,1547,"Cambaridae"
"PRM01",20211103,"PRF","Eukaryota","Nemertea","Enopla","Monostilifera","Tetrastemmatidae","Prostoma","Prostoma cf. eilhardi EZ-2019",21,"Prostoma cf. eilhardi EZ-2019"
"PRM01",20211121,"PRF","Eukaryota","Annelida","Clitellata","Crassiclitellata","Lumbricidae","Aporrectodea","Aporrectodea caliginosa L3",35,"Aporrectodea caliginosa L3"
"PRM01",20211121,"PRF","Eukaryota","Arthropoda","Arachnida","Sarcoptiformes","Phthiracaridae",,,23,"Phthiracaridae"
"PRM01",20211121,"PRF","Eukaryota","Arthropoda","Insecta","Diptera","Chironomidae","Corynoneura","Corynoneura sp. BOLD-2016",44,"Corynoneura sp. BOLD-2016"
"PRM01",20211121,"PRF","Eukaryota","Arthropoda","Insecta","Diptera","Chironomidae","Eukiefferiella",,18,"Eukiefferiella"
"PRM01",20211121,"PRF","Eukaryota","Arthropoda","Insecta","Diptera","Chironomidae","Parametriocnemus",,59,"Parametriocnemus"
"PRM01",20211121,"PRF","Eukaryota","Arthropoda","Insecta","Diptera","Chironomidae","Thienemanniella","Thienemanniella xena",31,"Thienemanniella xena"
"PRM01",20211121,"PRF","Eukaryota","Arthropoda","Insecta","Diptera","Simuliidae","Simulium",,101,"Simulium"
"PRM01",20211121,"PRF","Eukaryota","Arthropoda","Insecta","Ephemeroptera","Ameletidae","Ameletus",,832,"Ameletus"
"PRM01",20211121,"PRF","Eukaryota","Arthropoda","Insecta","Plecoptera","Capniidae","Allocapnia","Allocapnia recta",26,"Allocapnia recta"
"PRM01",20211121,"PRF","Eukaryota","Arthropoda","Insecta","Plecoptera","Leuctridae","Leuctra",,11,"Leuctra"
"PRM01",20211121,"PRF","Eukaryota","Arthropoda","Insecta","Trichoptera","Hydropsychidae","Cheumatopsyche",,2405,"Cheumatopsyche"
"PRM01",20211121,"PRF","Eukaryota","Arthropoda","Insecta","Trichoptera","Hydropsychidae","Diplectrona","Diplectrona modesta",29,"Diplectrona modesta"
"PRM01",20211121,"PRF","Eukaryota","Arthropoda","Insecta","Trichoptera","Limnephilidae","Pycnopsyche",,442,"Pycnopsyche"
"PRM01",20211121,"PRF","Eukaryota","Arthropoda","Insecta","Trichoptera","Uenoidae","Neophylax","Neophylax acutus",88,"Neophylax acutus"
"PRM01",20211215,"PRF","Eukaryota","Arthropoda","Insecta","Coleoptera","Dytiscidae","Heterosternuta","Heterosternuta pulchra",54,"Heterosternuta pulchra"
"PRM01",20211215,"PRF","Eukaryota","Arthropoda","Insecta","Diptera","Chironomidae","Corynoneura",,8,"Corynoneura"
"PRM01",20211215,"PRF","Eukaryota","Arthropoda","Insecta","Ephemeroptera","Ameletidae","Ameletus",,1334,"Ameletus"
"PRM01",20211215,"PRF","Eukaryota","Arthropoda","Insecta","Ephemeroptera","Heptageniidae","Epeorus",,1246,"Epeorus"
"PRM01",20211215,"PRF","Eukaryota","Arthropoda","Insecta","Plecoptera","Capniidae","Allocapnia","Allocapnia rickeri",25,"Allocapnia rickeri"
"PRM01",20211215,"PRF","Eukaryota","Arthropoda","Insecta","Trichoptera","Hydropsychidae","Cheumatopsyche",,66,"Cheumatopsyche"
"PRM01",20211215,"PRF","Eukaryota","Arthropoda","Insecta","Trichoptera","Hydropsychidae","Diplectrona",,143,"Diplectrona"
"PRM01",20211215,"PRF","Eukaryota","Arthropoda","Insecta","Trichoptera","Limnephilidae","Pycnopsyche",,13,"Pycnopsyche"
"PRM01",20220112,"PRF","Eukaryota","Annelida","Clitellata","Crassiclitellata","Lumbricidae","Aporrectodea","Aporrectodea caliginosa L3",215,"Aporrectodea caliginosa L3"
"PRM01",20220112,"PRF","Eukaryota","Arthropoda","Arachnida","Sarcoptiformes","Euphthiracaridae",,,26,"Euphthiracaridae"
"PRM01",20220112,"PRF","Eukaryota","Arthropoda","Insecta","Diptera","Empididae","Neoplasta","Neoplasta scapularis",30,"Neoplasta scapularis"
"PRM01",20220112,"PRF","Eukaryota","Arthropoda","Insecta","Ephemeroptera","Ameletidae","Ameletus",,200,"Ameletus"
"PRM01",20220112,"PRF","Eukaryota","Arthropoda","Insecta","Ephemeroptera","Heptageniidae","Epeorus",,959,"Epeorus"
"PRM01",20220112,"PRF","Eukaryota","Arthropoda","Insecta","Plecoptera","Capniidae","Allocapnia",,108,"Allocapnia"
"PRM01",20220112,"PRF","Eukaryota","Arthropoda","Insecta","Plecoptera","Nemouridae","Amphinemura","Amphinemura delosa",19,"Amphinemura delosa"
"PRM01",20220112,"PRF","Eukaryota","Arthropoda","Insecta","Plecoptera","Perlodidae","Isoperla","Isoperla decepta",4022,"Isoperla decepta"
"PRM01",20220112,"PRF","Eukaryota","Arthropoda","Insecta","Trichoptera","Glossosomatidae","Agapetus","Agapetus crasmus",364,"Agapetus crasmus"
"PRM01",20220112,"PRF","Eukaryota","Arthropoda","Insecta","Trichoptera","Rhyacophilidae","Rhyacophila","Rhyacophila fenestra",60,"Rhyacophila fenestra"
"PRM01",20220112,"PRF","Eukaryota","Arthropoda","Malacostraca","Decapoda","Cambaridae",,,228,"Cambaridae"
"PRM01",20220211,"PRF","Eukaryota","Arthropoda","Insecta","Diptera","Chironomidae","Thienemannimyia",,20,"Thienemannimyia"
"PRM01",20220211,"PRF","Eukaryota","Arthropoda","Insecta","Ephemeroptera","Heptageniidae","Epeorus","Epeorus sp. BOLD:AAA8436",210,"Epeorus sp. BOLD:AAA8436"
"PRM01",20220211,"PRF","Eukaryota","Arthropoda","Insecta","Plecoptera","Capniidae","Allocapnia",,61,"Allocapnia"
"PRM01",20220211,"PRF","Eukaryota","Arthropoda","Insecta","Plecoptera","Nemouridae","Amphinemura","Amphinemura delosa",12,"Amphinemura delosa"
"PRM01",20220211,"PRF","Eukaryota","Arthropoda","Insecta","Plecoptera","Perlodidae","Isoperla","Isoperla decepta",436,"Isoperla decepta"
"PRM01",20220211,"PRF","Eukaryota","Arthropoda","Insecta","Trichoptera","Glossosomatidae","Agapetus","Agapetus crasmus",208,"Agapetus crasmus"
"PRM01",20220211,"PRF","Eukaryota","Arthropoda","Insecta","Trichoptera","Polycentropodidae","Polycentropus","Polycentropus centralis",9,"Polycentropus centralis"
"PRM01",20220313,"PRF","Eukaryota","Annelida","Clitellata","Haplotaxida",,,,48,"Haplotaxida"
"PRM01",20220313,"PRF","Eukaryota","Arthropoda","Insecta","Ephemeroptera","Heptageniidae","Epeorus",,3481,"Epeorus"
"PRM01",20220313,"PRF","Eukaryota","Arthropoda","Insecta","Plecoptera","Leuctridae","Leuctra",,36,"Leuctra"
"PRM01",20220313,"PRF","Eukaryota","Arthropoda","Insecta","Plecoptera","Nemouridae","Amphinemura",,47,"Amphinemura"
"PRM01",20220313,"PRF","Eukaryota","Arthropoda","Insecta","Plecoptera","Perlodidae","Isoperla","Isoperla decepta",929,"Isoperla decepta"
"PRM01",20220406,"PRF","Eukaryota","Arthropoda","Insecta","Diptera","Chironomidae","Orthocladius","Orthocladius sp. BOLD-2016",12,"Orthocladius sp. BOLD-2016"
"PRM01",20220406,"PRF","Eukaryota","Arthropoda","Insecta","Diptera","Chironomidae","Parametriocnemus",,8,"Parametriocnemus"
"PRM01",20220406,"PRF","Eukaryota","Arthropoda","Insecta","Diptera","Simuliidae",,,40,"Simuliidae"
"PRM01",20220406,"PRF","Eukaryota","Arthropoda","Insecta","Ephemeroptera","Baetidae","Acentrella","Acentrella turbida",9,"Acentrella turbida"
"PRM01",20220406,"PRF","Eukaryota","Arthropoda","Insecta","Ephemeroptera","Heptageniidae","Epeorus","Epeorus sp. AMI 1",84,"Epeorus sp. AMI 1"
"PRM01",20220406,"PRF","Eukaryota","Arthropoda","Insecta","Plecoptera","Leuctridae","Leuctra",,73,"Leuctra"
"PRM01",20220406,"PRF","Eukaryota","Arthropoda","Insecta","Plecoptera","Nemouridae","Amphinemura","Amphinemura delosa",32,"Amphinemura delosa"
"PRM01",20220406,"PRF","Eukaryota","Arthropoda","Insecta","Plecoptera","Perlodidae","Isoperla","Isoperla decepta",1394,"Isoperla decepta"
"PRM01",20220503,"PRF","Eukaryota","Arthropoda","Insecta","Diptera","Chironomidae","Cricotopus",,16,"Cricotopus"
"PRM01",20220503,"PRF","Eukaryota","Arthropoda","Insecta","Diptera","Chironomidae","Dicrotendipes",,15,"Dicrotendipes"
"PRM01",20220503,"PRF","Eukaryota","Arthropoda","Insecta","Diptera","Chironomidae","Eukiefferiella",,10,"Eukiefferiella"
"PRM01",20220503,"PRF","Eukaryota","Arthropoda","Insecta","Diptera","Chironomidae","Orthocladius","Orthocladius carlatus",10,"Orthocladius carlatus"
"PRM01",20220503,"PRF","Eukaryota","Arthropoda","Insecta","Diptera","Chironomidae","Orthocladius","Orthocladius sp. BOLD:AAB2644",8,"Orthocladius sp. BOLD:AAB2644"
"PRM01",20220503,"PRF","Eukaryota","Arthropoda","Insecta","Diptera","Chironomidae","Parametriocnemus",,41,"Parametriocnemus"
"PRM01",20220503,"PRF","Eukaryota","Arthropoda","Insecta","Diptera","Chironomidae","Thienemanniella","Thienemanniella xena",10,"Thienemanniella xena"
"PRM01",20220503,"PRF","Eukaryota","Arthropoda","Insecta","Diptera","Chironomidae","Tvetenia","Tvetenia paucunca",62,"Tvetenia paucunca"
"PRM01",20220503,"PRF","Eukaryota","Arthropoda","Insecta","Diptera","Simuliidae","Simulium",,30,"Simulium"
"PRM01",20220503,"PRF","Eukaryota","Arthropoda","Insecta","Ephemeroptera","Baetidae","Acentrella","Acentrella turbida",23,"Acentrella turbida"
"PRM01",20220503,"PRF","Eukaryota","Arthropoda","Insecta","Ephemeroptera","Heptageniidae","Epeorus",,31,"Epeorus"
"PRM01",20220503,"PRF","Eukaryota","Arthropoda","Insecta","Plecoptera","Leuctridae","Leuctra",,78,"Leuctra"
"PRM01",20220503,"PRF","Eukaryota","Arthropoda","Insecta","Plecoptera","Nemouridae","Amphinemura","Amphinemura delosa",14,"Amphinemura delosa"
"PRM01",20220503,"PRF","Eukaryota","Arthropoda","Insecta","Plecoptera","Perlodidae","Isoperla","Isoperla decepta",19,"Isoperla decepta"
"PRM01",20220503,"PRF","Eukaryota","Arthropoda","Insecta","Trichoptera","Hydropsychidae","Diplectrona","Diplectrona modesta",43,"Diplectrona modesta"
"PRM01",20220525,"PRF","Eukaryota","Annelida","Clitellata","Haplotaxida",,,,23,"Haplotaxida"
"PRM01",20220525,"PRF","Eukaryota","Arthropoda","Insecta","Diptera","Ceratopogonidae",,,86,"Ceratopogonidae"
"PRM01",20220525,"PRF","Eukaryota","Arthropoda","Insecta","Diptera","Chironomidae","Dicrotendipes",,49,"Dicrotendipes"
"PRM01",20220525,"PRF","Eukaryota","Arthropoda","Insecta","Diptera","Chironomidae","Parametriocnemus",,46,"Parametriocnemus"
"PRM01",20220525,"PRF","Eukaryota","Arthropoda","Insecta","Diptera","Chironomidae","Smittia",,25,"Smittia"
"PRM01",20220525,"PRF","Eukaryota","Arthropoda","Insecta","Diptera","Chironomidae","Tvetenia","Tvetenia paucunca",16,"Tvetenia paucunca"
"PRM01",20220525,"PRF","Eukaryota","Arthropoda","Insecta","Diptera","Dolichopodidae",,,9,"Dolichopodidae"
"PRM01",20220525,"PRF","Eukaryota","Arthropoda","Insecta","Diptera","Empididae","Roederiodes","Roederiodes sp. BOLD:ABA0444",26,"Roederiodes sp. BOLD:ABA0444"
"PRM01",20220525,"PRF","Eukaryota","Arthropoda","Insecta","Plecoptera","Leuctridae","Leuctra",,36,"Leuctra"
"PRM01",20220525,"PRF","Eukaryota","Arthropoda","Insecta","Plecoptera","Nemouridae","Amphinemura","Amphinemura delosa",42,"Amphinemura delosa"
"PRM01",20220525,"PRF","Eukaryota","Arthropoda","Insecta","Trichoptera","Glossosomatidae","Agapetus","Agapetus crasmus",18,"Agapetus crasmus"
"PRM01",20220525,"PRF","Eukaryota","Arthropoda","Insecta","Trichoptera","Hydropsychidae","Cheumatopsyche",,9,"Cheumatopsyche"
"PRM01",20220525,"PRF","Eukaryota","Arthropoda","Insecta","Trichoptera","Lepidostomatidae","Lepidostoma","Lepidostoma sp. BOLD:AAE3970",8,"Lepidostoma sp. BOLD:AAE3970"
"PRM01",20220525,"PRF","Eukaryota","Arthropoda","Malacostraca","Decapoda","Cambaridae",,,119,"Cambaridae"
"PRM01",20220615,"PRF","Eukaryota","Arthropoda","Insecta","Diptera","Chironomidae","Paratanytarsus","Paratanytarsus sp. 5TE",134,"Paratanytarsus sp. 5TE"
"PRM01",20220615,"PRF","Eukaryota","Arthropoda","Insecta","Diptera","Chironomidae","Stempellinella","Stempellinella fimbriata",540,"Stempellinella fimbriata"
"PRM01",20221220,"PRF","Eukaryota","Annelida","Clitellata","Crassiclitellata","Lumbricidae","Lumbricus",,126,"Lumbricus"
"PRM01",20221220,"PRF","Eukaryota","Arthropoda","Insecta","Diptera","Chironomidae","Eukiefferiella",,135,"Eukiefferiella"
"PRM01",20221220,"PRF","Eukaryota","Arthropoda","Insecta","Plecoptera","Capniidae","Allocapnia",,1313,"Allocapnia"
"PRM01",20221220,"PRF","Eukaryota","Arthropoda","Insecta","Plecoptera","Nemouridae","Amphinemura",,8,"Amphinemura"
"PRM01",20221220,"PRF","Eukaryota","Arthropoda","Insecta","Plecoptera","Perlodidae","Isoperla","Isoperla decepta",149,"Isoperla decepta"
"PRM01",20221220,"PRF","Eukaryota","Arthropoda","Insecta","Trichoptera","Rhyacophilidae","Rhyacophila","Rhyacophila fenestra",29,"Rhyacophila fenestra"
"PRM01",20221220,"PRF","Eukaryota","Arthropoda","Malacostraca","Decapoda","Cambaridae","Cambarus",,17,"Cambarus"
"PRM01",20221220,"PRF","Eukaryota","Arthropoda","Malacostraca","Decapoda","Cambaridae",,,924,"Cambaridae"
"PRM01",20230111,"PRF","Eukaryota","Arthropoda","Insecta","Diptera","Chironomidae","Eukiefferiella","Eukiefferiella sp. BOLD:AAI5126",48,"Eukiefferiella sp. BOLD:AAI5126"
"PRM01",20230111,"PRF","Eukaryota","Arthropoda","Insecta","Diptera","Chironomidae","Parametriocnemus",,8,"Parametriocnemus"
"PRM01",20230111,"PRF","Eukaryota","Arthropoda","Insecta","Ephemeroptera","Ameletidae","Ameletus",,198,"Ameletus"
"PRM01",20230111,"PRF","Eukaryota","Arthropoda","Insecta","Plecoptera","Nemouridae","Amphinemura","Amphinemura delosa",12,"Amphinemura delosa"
"PRM01",20230111,"PRF","Eukaryota","Arthropoda","Insecta","Plecoptera","Perlodidae","Isoperla","Isoperla decepta",1532,"Isoperla decepta"
"PRM01",20230213,"PRF","Eukaryota","Arthropoda","Insecta","Diptera","Tipulidae","Tipula","Tipula abdominalis",26,"Tipula abdominalis"
"PRM01",20230213,"PRF","Eukaryota","Arthropoda","Insecta","Ephemeroptera","Ameletidae","Ameletus",,21,"Ameletus"
"PRM01",20230213,"PRF","Eukaryota","Arthropoda","Insecta","Plecoptera","Leuctridae","Leuctra",,43,"Leuctra"
"PRM01",20230213,"PRF","Eukaryota","Arthropoda","Insecta","Plecoptera","Nemouridae","Amphinemura","Amphinemura delosa",70,"Amphinemura delosa"
"PRM01",20230213,"PRF","Eukaryota","Arthropoda","Insecta","Plecoptera","Perlodidae","Isoperla","Isoperla decepta",755,"Isoperla decepta"
"PRM01",20230213,"PRF","Eukaryota","Arthropoda","Malacostraca","Decapoda","Cambaridae",,,97,"Cambaridae"
"TLM01",20211027,"TAL","Eukaryota","Arthropoda","Insecta","Coleoptera","Elmidae",,,18,"Elmidae"
"TLM01",20211027,"TAL","Eukaryota","Arthropoda","Insecta","Diptera","Chironomidae","Polypedilum","Polypedilum sp. BOLD:AAB5362",14,"Polypedilum sp. BOLD:AAB5362"
"TLM01",20211027,"TAL","Eukaryota","Arthropoda","Insecta","Diptera","Chironomidae","Rheotanytarsus","Rheotanytarsus sp. BOLD-2016",12,"Rheotanytarsus sp. BOLD-2016"
"TLM01",20211027,"TAL","Eukaryota","Arthropoda","Insecta","Diptera","Chironomidae","Tanytarsus",,20,"Tanytarsus"
"TLM01",20211027,"TAL","Eukaryota","Arthropoda","Insecta","Ephemeroptera","Ephemerellidae","Eurylophella","Eurylophella verisimilis",32,"Eurylophella verisimilis"
"TLM01",20211027,"TAL","Eukaryota","Arthropoda","Insecta","Ephemeroptera","Heptageniidae","Leucrocuta",,210,"Leucrocuta"
"TLM01",20211027,"TAL","Eukaryota","Arthropoda","Insecta","Ephemeroptera","Heptageniidae","Stenacron",,35,"Stenacron"
"TLM01",20211027,"TAL","Eukaryota","Arthropoda","Insecta","Megaloptera","Corydalidae","Nigronia","Nigronia fasciatus",8,"Nigronia fasciatus"
"TLM01",20211027,"TAL","Eukaryota","Arthropoda","Insecta","Odonata","Calopterygidae","Calopteryx","Calopteryx maculata",71,"Calopteryx maculata"
"TLM01",20211027,"TAL","Eukaryota","Arthropoda","Insecta","Odonata","Gomphidae","Ophiogomphus",,14,"Ophiogomphus"
"TLM01",20211027,"TAL","Eukaryota","Arthropoda","Insecta","Trichoptera","Hydropsychidae","Cheumatopsyche",,32,"Cheumatopsyche"
"TLM01",20211027,"TAL","Eukaryota","Arthropoda","Insecta","Trichoptera","Hydropsychidae","Diplectrona","Diplectrona modesta",31,"Diplectrona modesta"
"TLM01",20211027,"TAL","Eukaryota","Arthropoda","Insecta","Trichoptera","Lepidostomatidae","Lepidostoma","Lepidostoma latipenne",50,"Lepidostoma latipenne"
"TLM01",20211027,"TAL","Eukaryota","Arthropoda","Insecta","Trichoptera","Limnephilidae","Pycnopsyche","Pycnopsyche antica",71,"Pycnopsyche antica"
"TLM01",20211117,"TAL","Eukaryota","Arthropoda","Insecta","Coleoptera","Elmidae","Dubiraphia",,407,"Dubiraphia"
"TLM01",20211117,"TAL","Eukaryota","Arthropoda","Insecta","Coleoptera","Elmidae","Optioservus",,511,"Optioservus"
"TLM01",20211117,"TAL","Eukaryota","Arthropoda","Insecta","Coleoptera","Elmidae","Oulimnius",,30,"Oulimnius"
"TLM01",20211117,"TAL","Eukaryota","Arthropoda","Insecta","Coleoptera","Elmidae",,,49,"Elmidae"
"TLM01",20211117,"TAL","Eukaryota","Arthropoda","Insecta","Diptera","Chironomidae","Polypedilum",,9,"Polypedilum"
"TLM01",20211117,"TAL","Eukaryota","Arthropoda","Insecta","Diptera","Chironomidae","Rheotanytarsus","Rheotanytarsus sp. BOLD-2016",8,"Rheotanytarsus sp. BOLD-2016"
"TLM01",20211117,"TAL","Eukaryota","Arthropoda","Insecta","Diptera","Chironomidae","Tanytarsus","Tanytarsus guerlus",11,"Tanytarsus guerlus"
"TLM01",20211117,"TAL","Eukaryota","Arthropoda","Insecta","Diptera","Dixidae",,,46,"Dixidae"
"TLM01",20211117,"TAL","Eukaryota","Arthropoda","Insecta","Ephemeroptera","Baetidae","Acerpenna",,33,"Acerpenna"
"TLM01",20211117,"TAL","Eukaryota","Arthropoda","Insecta","Ephemeroptera","Baetidae","Baetis",,34,"Baetis"
"TLM01",20211117,"TAL","Eukaryota","Arthropoda","Insecta","Ephemeroptera","Baetidae",,,10,"Baetidae"
"TLM01",20211117,"TAL","Eukaryota","Arthropoda","Insecta","Ephemeroptera","Ephemerellidae","Eurylophella","Eurylophella bicolor",8,"Eurylophella bicolor"
"TLM01",20211117,"TAL","Eukaryota","Arthropoda","Insecta","Ephemeroptera","Ephemerellidae","Eurylophella","Eurylophella verisimilis",33,"Eurylophella verisimilis"
"TLM01",20211117,"TAL","Eukaryota","Arthropoda","Insecta","Ephemeroptera","Ephemeridae","Hexagenia",,56,"Hexagenia"
"TLM01",20211117,"TAL","Eukaryota","Arthropoda","Insecta","Ephemeroptera","Heptageniidae","Leucrocuta",,2236,"Leucrocuta"
"TLM01",20211117,"TAL","Eukaryota","Arthropoda","Insecta","Ephemeroptera","Heptageniidae","Maccaffertium","Maccaffertium ithaca",210,"Maccaffertium ithaca"
"TLM01",20211117,"TAL","Eukaryota","Arthropoda","Insecta","Ephemeroptera","Heptageniidae","Maccaffertium","Maccaffertium modestum",10,"Maccaffertium modestum"
"TLM01",20211117,"TAL","Eukaryota","Arthropoda","Insecta","Ephemeroptera","Heptageniidae","Stenacron","Stenacron interpunctatum",18,"Stenacron interpunctatum"
"TLM01",20211117,"TAL","Eukaryota","Arthropoda","Insecta","Megaloptera","Corydalidae","Nigronia","Nigronia serricornis",125,"Nigronia serricornis"
"TLM01",20211117,"TAL","Eukaryota","Arthropoda","Insecta","Trichoptera","Hydropsychidae","Cheumatopsyche",,14,"Cheumatopsyche"
"TLM01",20211117,"TAL","Eukaryota","Arthropoda","Insecta","Trichoptera","Limnephilidae","Pycnopsyche","Pycnopsyche antica",13,"Pycnopsyche antica"
"TLM01",20211208,"TAL","Eukaryota","Annelida","Clitellata","Lumbriculida","Sparganophilidae","Sparganophilus","Sparganophilus sp. HI-2019",8,"Sparganophilus sp. HI-2019"
"TLM01",20211208,"TAL","Eukaryota","Arthropoda","Insecta","Coleoptera","Elmidae","Dubiraphia",,8,"Dubiraphia"
"TLM01",20211208,"TAL","Eukaryota","Arthropoda","Insecta","Coleoptera","Elmidae","Optioservus",,48,"Optioservus"
"TLM01",20211208,"TAL","Eukaryota","Arthropoda","Insecta","Coleoptera","Elmidae","Stenelmis",,114,"Stenelmis"
"TLM01",20211208,"TAL","Eukaryota","Arthropoda","Insecta","Diptera","Chironomidae","Polypedilum","Polypedilum sp. BOLD:AAB5362",9,"Polypedilum sp. BOLD:AAB5362"
"TLM01",20211208,"TAL","Eukaryota","Arthropoda","Insecta","Diptera","Chironomidae","Rheotanytarsus","Rheotanytarsus sp. BOLD-2016",10,"Rheotanytarsus sp. BOLD-2016"
"TLM01",20211208,"TAL","Eukaryota","Arthropoda","Insecta","Diptera","Chironomidae","Tanytarsus",,13,"Tanytarsus"
"TLM01",20211208,"TAL","Eukaryota","Arthropoda","Insecta","Diptera","Simuliidae","Simulium",,24,"Simulium"
"TLM01",20211208,"TAL","Eukaryota","Arthropoda","Insecta","Ephemeroptera","Baetidae",,,8,"Baetidae"
"TLM01",20211208,"TAL","Eukaryota","Arthropoda","Insecta","Ephemeroptera","Ephemerellidae","Eurylophella","Eurylophella verisimilis",137,"Eurylophella verisimilis"
"TLM01",20211208,"TAL","Eukaryota","Arthropoda","Insecta","Ephemeroptera","Heptageniidae","Leucrocuta",,912,"Leucrocuta"
"TLM01",20211208,"TAL","Eukaryota","Arthropoda","Insecta","Ephemeroptera","Heptageniidae","Maccaffertium","Maccaffertium ithaca",94,"Maccaffertium ithaca"
"TLM01",20211208,"TAL","Eukaryota","Arthropoda","Insecta","Ephemeroptera","Heptageniidae","Stenacron","Stenacron interpunctatum",132,"Stenacron interpunctatum"
"TLM01",20211208,"TAL","Eukaryota","Arthropoda","Insecta","Ephemeroptera","Heptageniidae","Stenacron","Stenacron pallidum",26,"Stenacron pallidum"
"TLM01",20211208,"TAL","Eukaryota","Arthropoda","Insecta","Ephemeroptera","Leptophlebiidae","Habrophlebiodes","Habrophlebiodes americana",50,"Habrophlebiodes americana"
"TLM01",20211208,"TAL","Eukaryota","Arthropoda","Insecta","Megaloptera","Corydalidae","Nigronia","Nigronia serricornis",94,"Nigronia serricornis"
"TLM01",20211208,"TAL","Eukaryota","Arthropoda","Insecta","Odonata","Calopterygidae","Calopteryx","Calopteryx maculata",93,"Calopteryx maculata"
"TLM01",20211208,"TAL","Eukaryota","Arthropoda","Insecta","Odonata","Cordulegastridae","Cordulegaster",,31,"Cordulegaster"
"TLM01",20211208,"TAL","Eukaryota","Arthropoda","Insecta","Plecoptera","Capniidae","Allocapnia",,76,"Allocapnia"
"TLM01",20211208,"TAL","Eukaryota","Arthropoda","Insecta","Trichoptera","Hydropsychidae","Cheumatopsyche",,111,"Cheumatopsyche"
"TLM01",20211208,"TAL","Eukaryota","Arthropoda","Insecta","Trichoptera","Limnephilidae","Pycnopsyche","Pycnopsyche antica",57,"Pycnopsyche antica"
"TLM01",20220105,"TAL","Eukaryota","Arthropoda","Hexanauplia","Cyclopoida","Cyclopidae","Macrocyclops","Macrocyclops albidus",9,"Macrocyclops albidus"
"TLM01",20220105,"TAL","Eukaryota","Arthropoda","Insecta","Coleoptera","Elmidae","Macronychus","Macronychus sp. BOLD:AAE7495",46,"Macronychus sp. BOLD:AAE7495"
"TLM01",20220105,"TAL","Eukaryota","Arthropoda","Insecta","Coleoptera","Elmidae","Optioservus",,79,"Optioservus"
"TLM01",20220105,"TAL","Eukaryota","Arthropoda","Insecta","Coleoptera","Elmidae","Oulimnius",,145,"Oulimnius"
"TLM01",20220105,"TAL","Eukaryota","Arthropoda","Insecta","Diptera","Chironomidae","Rheotanytarsus",,63,"Rheotanytarsus"
"TLM01",20220105,"TAL","Eukaryota","Arthropoda","Insecta","Diptera","Simuliidae",,,78,"Simuliidae"
"TLM01",20220105,"TAL","Eukaryota","Arthropoda","Insecta","Ephemeroptera","Baetidae","Acerpenna",,65,"Acerpenna"
"TLM01",20220105,"TAL","Eukaryota","Arthropoda","Insecta","Ephemeroptera","Ephemerellidae","Eurylophella","Eurylophella verisimilis",21,"Eurylophella verisimilis"
"TLM01",20220105,"TAL","Eukaryota","Arthropoda","Insecta","Ephemeroptera","Heptageniidae","Leucrocuta",,109,"Leucrocuta"
"TLM01",20220105,"TAL","Eukaryota","Arthropoda","Insecta","Ephemeroptera","Heptageniidae","Maccaffertium","Maccaffertium carlsoni",8,"Maccaffertium carlsoni"
"TLM01",20220105,"TAL","Eukaryota","Arthropoda","Insecta","Ephemeroptera","Heptageniidae","Maccaffertium","Maccaffertium ithaca",98,"Maccaffertium ithaca"
"TLM01",20220105,"TAL","Eukaryota","Arthropoda","Insecta","Plecoptera","Capniidae",,,131,"Capniidae"
"TLM01",20220105,"TAL","Eukaryota","Arthropoda","Insecta","Plecoptera",,,,41,"Plecoptera"
"TLM01",20220105,"TAL","Eukaryota","Arthropoda","Insecta","Trichoptera","Hydropsychidae","Cheumatopsyche",,80,"Cheumatopsyche"
"TLM01",20220105,"TAL","Eukaryota","Arthropoda","Insecta","Trichoptera","Lepidostomatidae","Lepidostoma","Lepidostoma latipenne",18,"Lepidostoma latipenne"
"TLM01",20220105,"TAL","Eukaryota","Arthropoda","Insecta","Trichoptera","Limnephilidae","Pycnopsyche","Pycnopsyche antica",279,"Pycnopsyche antica"
"TLM01",20220124,"TAL","Eukaryota","Arthropoda","Insecta","Coleoptera","Elmidae","Stenelmis","Stenelmis sp. BOLD:AAC4909",11,"Stenelmis sp. BOLD:AAC4909"
"TLM01",20220124,"TAL","Eukaryota","Arthropoda","Insecta","Diptera","Chironomidae","Parametriocnemus",,34,"Parametriocnemus"
"TLM01",20220124,"TAL","Eukaryota","Arthropoda","Insecta","Diptera","Chironomidae","Rheotanytarsus","Rheotanytarsus sp. BOLD-2016",21,"Rheotanytarsus sp. BOLD-2016"
"TLM01",20220124,"TAL","Eukaryota","Arthropoda","Insecta","Diptera","Empididae","Roederiodes","Roederiodes sp. BOLD:ABA0444",160,"Roederiodes sp. BOLD:ABA0444"
"TLM01",20220124,"TAL","Eukaryota","Arthropoda","Insecta","Diptera","Simuliidae",,,22,"Simuliidae"
"TLM01",20220124,"TAL","Eukaryota","Arthropoda","Insecta","Ephemeroptera","Baetidae","Acerpenna",,9,"Acerpenna"
"TLM01",20220124,"TAL","Eukaryota","Arthropoda","Insecta","Ephemeroptera","Ephemerellidae","Ephemerella",,230,"Ephemerella"
"TLM01",20220124,"TAL","Eukaryota","Arthropoda","Insecta","Ephemeroptera","Ephemerellidae","Eurylophella",,88,"Eurylophella"
"TLM01",20220124,"TAL","Eukaryota","Arthropoda","Insecta","Ephemeroptera","Heptageniidae","Leucrocuta",,19,"Leucrocuta"
"TLM01",20220124,"TAL","Eukaryota","Arthropoda","Insecta","Ephemeroptera","Heptageniidae","Maccaffertium","Maccaffertium ithaca",19,"Maccaffertium ithaca"
"TLM01",20220124,"TAL","Eukaryota","Arthropoda","Insecta","Ephemeroptera","Leptophlebiidae","Habrophlebiodes","Habrophlebiodes americana",31,"Habrophlebiodes americana"
"TLM01",20220124,"TAL","Eukaryota","Arthropoda","Insecta","Ephemeroptera","Leptophlebiidae","Paraleptophlebia",,153,"Paraleptophlebia"
"TLM01",20220124,"TAL","Eukaryota","Arthropoda","Insecta","Trichoptera","Hydropsychidae","Cheumatopsyche",,128,"Cheumatopsyche"
"TLM01",20220124,"TAL","Eukaryota","Arthropoda","Insecta","Trichoptera","Hydropsychidae","Diplectrona","Diplectrona modesta",304,"Diplectrona modesta"
"TLM01",20220218,"TAL","Eukaryota","Annelida","Clitellata","Haplotaxida","Naididae","Nais",,16,"Nais"
"TLM01",20220218,"TAL","Eukaryota","Arthropoda","Insecta","Coleoptera","Elmidae","Optioservus",,110,"Optioservus"
"TLM01",20220218,"TAL","Eukaryota","Arthropoda","Insecta","Coleoptera","Elmidae","Oulimnius",,22,"Oulimnius"
"TLM01",20220218,"TAL","Eukaryota","Arthropoda","Insecta","Coleoptera","Elmidae",,,35,"Elmidae"
"TLM01",20220218,"TAL","Eukaryota","Arthropoda","Insecta","Diptera","Chironomidae","Rheotanytarsus",,8,"Rheotanytarsus"
"TLM01",20220218,"TAL","Eukaryota","Arthropoda","Insecta","Diptera","Chironomidae",,,8,"Chironomidae"
"TLM01",20220218,"TAL","Eukaryota","Arthropoda","Insecta","Diptera","Simuliidae","Prosimulium","Prosimulium mixtum",50,"Prosimulium mixtum"
"TLM01",20220218,"TAL","Eukaryota","Arthropoda","Insecta","Diptera","Simuliidae","Stegopterna",,29,"Stegopterna"
"TLM01",20220218,"TAL","Eukaryota","Arthropoda","Insecta","Ephemeroptera","Baetidae","Acerpenna",,315,"Acerpenna"
"TLM01",20220218,"TAL","Eukaryota","Arthropoda","Insecta","Ephemeroptera","Ephemerellidae","Ephemerella",,1284,"Ephemerella"
"TLM01",20220218,"TAL","Eukaryota","Arthropoda","Insecta","Ephemeroptera","Ephemerellidae","Eurylophella",,575,"Eurylophella"
"TLM01",20220218,"TAL","Eukaryota","Arthropoda","Insecta","Ephemeroptera","Heptageniidae","Maccaffertium","Maccaffertium ithaca",385,"Maccaffertium ithaca"
"TLM01",20220218,"TAL","Eukaryota","Arthropoda","Insecta","Plecoptera","Perlidae","Eccoptura",,1225,"Eccoptura"
"TLM01",20220218,"TAL","Eukaryota","Arthropoda","Insecta","Trichoptera","Hydropsychidae","Cheumatopsyche",,347,"Cheumatopsyche"
"TLM01",20220218,"TAL","Eukaryota","Arthropoda","Insecta","Trichoptera","Lepidostomatidae","Lepidostoma","Lepidostoma latipenne",140,"Lepidostoma latipenne"
"TLM01",20220310,"TAL","Eukaryota","Arthropoda","Insecta","Coleoptera","Elmidae","Dubiraphia",,81,"Dubiraphia"
"TLM01",20220310,"TAL","Eukaryota","Arthropoda","Insecta","Coleoptera","Elmidae","Optioservus",,30,"Optioservus"
"TLM01",20220310,"TAL","Eukaryota","Arthropoda","Insecta","Coleoptera","Elmidae","Oulimnius","Oulimnius latiusculus",13,"Oulimnius latiusculus"
"TLM01",20220310,"TAL","Eukaryota","Arthropoda","Insecta","Diptera","Chironomidae","Polypedilum",,11,"Polypedilum"
"TLM01",20220310,"TAL","Eukaryota","Arthropoda","Insecta","Diptera","Chironomidae",,,16,"Chironomidae"
"TLM01",20220310,"TAL","Eukaryota","Arthropoda","Insecta","Ephemeroptera","Baetidae","Acerpenna",,12,"Acerpenna"
"TLM01",20220310,"TAL","Eukaryota","Arthropoda","Insecta","Ephemeroptera","Ephemerellidae","Ephemerella",,7119,"Ephemerella"
"TLM01",20220310,"TAL","Eukaryota","Arthropoda","Insecta","Ephemeroptera","Ephemerellidae","Eurylophella","Eurylophella verisimilis",47,"Eurylophella verisimilis"
"TLM01",20220310,"TAL","Eukaryota","Arthropoda","Insecta","Ephemeroptera","Heptageniidae","Epeorus",,20,"Epeorus"
"TLM01",20220310,"TAL","Eukaryota","Arthropoda","Insecta","Ephemeroptera","Heptageniidae","Maccaffertium","Maccaffertium ithaca",667,"Maccaffertium ithaca"
"TLM01",20220310,"TAL","Eukaryota","Arthropoda","Insecta","Megaloptera","Corydalidae","Nigronia","Nigronia serricornis",44,"Nigronia serricornis"
"TLM01",20220310,"TAL","Eukaryota","Arthropoda","Insecta","Plecoptera","Chloroperlidae","Haploperla","Haploperla brevis",20,"Haploperla brevis"
"TLM01",20220310,"TAL","Eukaryota","Arthropoda","Insecta","Plecoptera","Leuctridae","Leuctra","Leuctra sp. AMI 1",11,"Leuctra sp. AMI 1"
"TLM01",20220310,"TAL","Eukaryota","Arthropoda","Insecta","Plecoptera","Leuctridae","Leuctra","Leuctra tenuis",13,"Leuctra tenuis"
"TLM01",20220310,"TAL","Eukaryota","Arthropoda","Insecta","Plecoptera","Peltoperlidae","Tallaperla",,8,"Tallaperla"
"TLM01",20220310,"TAL","Eukaryota","Arthropoda","Insecta","Plecoptera","Perlidae","Perlesta","Perlesta nelsoni",9,"Perlesta nelsoni"
"TLM01",20220310,"TAL","Eukaryota","Arthropoda","Insecta","Trichoptera","Hydropsychidae","Cheumatopsyche",,105,"Cheumatopsyche"
"TLM01",20220310,"TAL","Eukaryota","Arthropoda","Insecta","Trichoptera","Hydropsychidae","Diplectrona","Diplectrona modesta",47,"Diplectrona modesta"
"TLM01",20220329,"TAL","Eukaryota","Arthropoda","Insecta","Coleoptera","Elmidae","Optioservus",,190,"Optioservus"
"TLM01",20220329,"TAL","Eukaryota","Arthropoda","Insecta","Coleoptera","Elmidae","Oulimnius","Oulimnius latiusculus",14,"Oulimnius latiusculus"
"TLM01",20220329,"TAL","Eukaryota","Arthropoda","Insecta","Coleoptera","Psephenidae","Ectopria",,90,"Ectopria"
"TLM01",20220329,"TAL","Eukaryota","Arthropoda","Insecta","Diptera","Chironomidae","Rheocricotopus",,127,"Rheocricotopus"
"TLM01",20220329,"TAL","Eukaryota","Arthropoda","Insecta","Diptera","Chironomidae","Rheotanytarsus",,8,"Rheotanytarsus"
"TLM01",20220329,"TAL","Eukaryota","Arthropoda","Insecta","Diptera","Chironomidae","Tanytarsus",,62,"Tanytarsus"
"TLM01",20220329,"TAL","Eukaryota","Arthropoda","Insecta","Diptera","Chironomidae","Thienemanniella","Thienemanniella xena",9,"Thienemanniella xena"
"TLM01",20220329,"TAL","Eukaryota","Arthropoda","Insecta","Diptera","Dolichopodidae",,,29,"Dolichopodidae"
"TLM01",20220329,"TAL","Eukaryota","Arthropoda","Insecta","Diptera","Simuliidae","Simulium",,1242,"Simulium"
"TLM01",20220329,"TAL","Eukaryota","Arthropoda","Insecta","Ephemeroptera","Ephemerellidae","Ephemerella",,8781,"Ephemerella"
"TLM01",20220329,"TAL","Eukaryota","Arthropoda","Insecta","Ephemeroptera",,,,227,"Ephemeroptera"
"TLM01",20220329,"TAL","Eukaryota","Arthropoda","Insecta","Plecoptera","Chloroperlidae","Haploperla","Haploperla brevis",114,"Haploperla brevis"
"TLM01",20220329,"TAL","Eukaryota","Arthropoda","Insecta","Plecoptera","Leuctridae",,,14,"Leuctridae"
"TLM01",20220329,"TAL","Eukaryota","Arthropoda","Insecta","Plecoptera","Peltoperlidae","Tallaperla",,1410,"Tallaperla"
"TLM01",20220329,"TAL","Eukaryota","Arthropoda","Insecta","Trichoptera","Hydropsychidae","Diplectrona","Diplectrona modesta",277,"Diplectrona modesta"
"TLM01",20220329,"TAL","Eukaryota","Arthropoda","Insecta","Trichoptera","Lepidostomatidae","Lepidostoma","Lepidostoma griseum",33,"Lepidostoma griseum"
"TLM01",20220329,"TAL","Eukaryota","Arthropoda","Insecta","Trichoptera","Philopotamidae","Chimarra",,152,"Chimarra"
"TLM01",20220422,"TAL","Eukaryota","Annelida","Clitellata","Haplotaxida","Naididae","Nais","Nais variabilis",8,"Nais variabilis"
"TLM01",20220422,"TAL","Eukaryota","Arthropoda","Insecta","Coleoptera","Elmidae","Optioservus",,33,"Optioservus"
"TLM01",20220422,"TAL","Eukaryota","Arthropoda","Insecta","Coleoptera","Elmidae","Oulimnius","Oulimnius latiusculus",22,"Oulimnius latiusculus"
"TLM01",20220422,"TAL","Eukaryota","Arthropoda","Insecta","Coleoptera","Elmidae","Stenelmis",,60,"Stenelmis"
"TLM01",20220422,"TAL","Eukaryota","Arthropoda","Insecta","Coleoptera","Psephenidae","Psephenus","Psephenus herricki",8,"Psephenus herricki"
"TLM01",20220422,"TAL","Eukaryota","Arthropoda","Insecta","Diptera","Chironomidae","Parakiefferiella",,12,"Parakiefferiella"
"TLM01",20220422,"TAL","Eukaryota","Arthropoda","Insecta","Diptera","Chironomidae","Polypedilum","Polypedilum aviceps",12,"Polypedilum aviceps"
"TLM01",20220422,"TAL","Eukaryota","Arthropoda","Insecta","Diptera","Chironomidae","Stempellinella","Stempellinella fimbriata",12,"Stempellinella fimbriata"
"TLM01",20220422,"TAL","Eukaryota","Arthropoda","Insecta","Diptera","Chironomidae","Tanytarsus","Tanytarsus guerlus",21,"Tanytarsus guerlus"
"TLM01",20220422,"TAL","Eukaryota","Arthropoda","Insecta","Diptera","Chironomidae","Thienemanniella","Thienemanniella xena",16,"Thienemanniella xena"
"TLM01",20220422,"TAL","Eukaryota","Arthropoda","Insecta","Diptera","Chironomidae","Tribelos",,25,"Tribelos"
"TLM01",20220422,"TAL","Eukaryota","Arthropoda","Insecta","Diptera","Empididae","Roederiodes","Roederiodes sp. BOLD:ABA0444",9,"Roederiodes sp. BOLD:ABA0444"
"TLM01",20220422,"TAL","Eukaryota","Arthropoda","Insecta","Diptera","Simuliidae","Simulium",,17,"Simulium"
"TLM01",20220422,"TAL","Eukaryota","Arthropoda","Insecta","Diptera","Tipulidae","Tipula","Tipula abdominalis",10,"Tipula abdominalis"
"TLM01",20220422,"TAL","Eukaryota","Arthropoda","Insecta","Ephemeroptera","Ephemerellidae","Ephemerella",,3038,"Ephemerella"
"TLM01",20220422,"TAL","Eukaryota","Arthropoda","Insecta","Ephemeroptera","Ephemerellidae","Eurylophella",,55,"Eurylophella"
"TLM01",20220422,"TAL","Eukaryota","Arthropoda","Insecta","Ephemeroptera","Heptageniidae","Maccaffertium","Maccaffertium ithaca",413,"Maccaffertium ithaca"
"TLM01",20220422,"TAL","Eukaryota","Arthropoda","Insecta","Ephemeroptera","Heptageniidae","Stenacron","Stenacron interpunctatum",306,"Stenacron interpunctatum"
"TLM01",20220422,"TAL","Eukaryota","Arthropoda","Insecta","Odonata","Calopterygidae","Calopteryx",,1215,"Calopteryx"
"TLM01",20220422,"TAL","Eukaryota","Arthropoda","Insecta","Odonata","Gomphidae","Gomphus","Gomphus lividus",23,"Gomphus lividus"
"TLM01",20220422,"TAL","Eukaryota","Arthropoda","Insecta","Odonata","Gomphidae","Stylogomphus",,27,"Stylogomphus"
"TLM01",20220422,"TAL","Eukaryota","Arthropoda","Insecta","Plecoptera","Chloroperlidae","Haploperla","Haploperla brevis",65,"Haploperla brevis"
"TLM01",20220422,"TAL","Eukaryota","Arthropoda","Insecta","Plecoptera","Leuctridae","Leuctra","Leuctra sp. AMI 1",71,"Leuctra sp. AMI 1"
"TLM01",20220422,"TAL","Eukaryota","Arthropoda","Insecta","Plecoptera","Leuctridae","Leuctra","Leuctra tenuis",13,"Leuctra tenuis"
"TLM01",20220422,"TAL","Eukaryota","Arthropoda","Insecta","Plecoptera","Peltoperlidae","Tallaperla","Tallaperla cornelia",30,"Tallaperla cornelia"
"TLM01",20220422,"TAL","Eukaryota","Arthropoda","Insecta","Plecoptera","Perlidae","Perlesta","Perlesta nelsoni",11,"Perlesta nelsoni"
"TLM01",20220422,"TAL","Eukaryota","Arthropoda","Insecta","Trichoptera","Hydropsychidae","Cheumatopsyche",,16,"Cheumatopsyche"
"TLM01",20220512,"TAL","Eukaryota","Arthropoda","Insecta","Coleoptera","Chrysomelidae","Cryptocephalus","Cryptocephalus notatus",9,"Cryptocephalus notatus"
"TLM01",20220512,"TAL","Eukaryota","Arthropoda","Insecta","Coleoptera","Elmidae","Oulimnius","Oulimnius latiusculus",14,"Oulimnius latiusculus"
"TLM01",20220512,"TAL","Eukaryota","Arthropoda","Insecta","Coleoptera","Elmidae","Stenelmis",,102,"Stenelmis"
"TLM01",20220512,"TAL","Eukaryota","Arthropoda","Insecta","Diptera","Chironomidae","Cricotopus","Cricotopus sp. BOLD-2016",29,"Cricotopus sp. BOLD-2016"
"TLM01",20220512,"TAL","Eukaryota","Arthropoda","Insecta","Diptera","Chironomidae","Parametriocnemus",,22,"Parametriocnemus"
"TLM01",20220512,"TAL","Eukaryota","Arthropoda","Insecta","Diptera","Chironomidae","Paratendipes",,10,"Paratendipes"
"TLM01",20220512,"TAL","Eukaryota","Arthropoda","Insecta","Diptera","Chironomidae","Polypedilum","Polypedilum convictum",8,"Polypedilum convictum"
"TLM01",20220512,"TAL","Eukaryota","Arthropoda","Insecta","Diptera","Chironomidae","Rheotanytarsus",,9,"Rheotanytarsus"
"TLM01",20220512,"TAL","Eukaryota","Arthropoda","Insecta","Diptera","Chironomidae","Tanytarsus","Tanytarsus guerlus",64,"Tanytarsus guerlus"
"TLM01",20220512,"TAL","Eukaryota","Arthropoda","Insecta","Diptera","Chironomidae","Tribelos","Tribelos sp. BOLD-2016",10,"Tribelos sp. BOLD-2016"
"TLM01",20220512,"TAL","Eukaryota","Arthropoda","Insecta","Diptera","Dixidae",,,12,"Dixidae"
"TLM01",20220512,"TAL","Eukaryota","Arthropoda","Insecta","Diptera","Psychodidae","Psychoda",,14,"Psychoda"
"TLM01",20220512,"TAL","Eukaryota","Arthropoda","Insecta","Ephemeroptera","Ephemerellidae","Attenella","Attenella attenuata",25,"Attenella attenuata"
"TLM01",20220512,"TAL","Eukaryota","Arthropoda","Insecta","Ephemeroptera","Ephemerellidae","Eurylophella",,21,"Eurylophella"
"TLM01",20220512,"TAL","Eukaryota","Arthropoda","Insecta","Ephemeroptera","Heptageniidae",,,11,"Heptageniidae"
"TLM01",20220512,"TAL","Eukaryota","Arthropoda","Insecta","Hemiptera","Veliidae","Rhagovelia",,8,"Rhagovelia"
"TLM01",20220512,"TAL","Eukaryota","Arthropoda","Insecta","Odonata","Corduliidae","Helocordulia","Helocordulia uhleri",23,"Helocordulia uhleri"
"TLM01",20220512,"TAL","Eukaryota","Arthropoda","Insecta","Odonata","Gomphidae","Gomphus","Gomphus graslinellus",21,"Gomphus graslinellus"
"TLM01",20220512,"TAL","Eukaryota","Arthropoda","Insecta","Odonata","Gomphidae","Gomphus","Gomphus lividus",23,"Gomphus lividus"
"TLM01",20220512,"TAL","Eukaryota","Arthropoda","Insecta","Plecoptera","Leuctridae","Leuctra","Leuctra sp. AMI 1",16,"Leuctra sp. AMI 1"
"TLM01",20220512,"TAL","Eukaryota","Arthropoda","Insecta","Plecoptera","Leuctridae","Leuctra","Leuctra sp. BOLD:AAC1685",35,"Leuctra sp. BOLD:AAC1685"
"TLM01",20220512,"TAL","Eukaryota","Arthropoda","Insecta","Plecoptera","Leuctridae","Leuctra","Leuctra tenuis",25,"Leuctra tenuis"
"TLM01",20220512,"TAL","Eukaryota","Arthropoda","Insecta","Plecoptera","Peltoperlidae","Tallaperla",,42,"Tallaperla"
"TLM01",20220512,"TAL","Eukaryota","Arthropoda","Insecta","Plecoptera","Perlidae","Perlesta","Perlesta nelsoni",759,"Perlesta nelsoni"
"TLM01",20220512,"TAL","Eukaryota","Arthropoda","Insecta","Trichoptera","Hydropsychidae","Diplectrona","Diplectrona modesta",39,"Diplectrona modesta"
"TLM01",20220512,"TAL","Eukaryota","Arthropoda","Insecta","Trichoptera","Hydropsychidae","Hydropsyche","Hydropsyche betteni",15,"Hydropsyche betteni"
"TLM01",20220512,"TAL","Eukaryota","Arthropoda","Insecta","Trichoptera","Hydroptilidae","Hydroptila","Hydroptila talladega",34,"Hydroptila talladega"
"TLM01",20220609,"TAL","Eukaryota","Annelida","Clitellata","Haplotaxida","Naididae","Nais","Nais communis/variabilis complex sp. A4",16,"Nais communis/variabilis complex sp. A4"
"TLM01",20220609,"TAL","Eukaryota","Arthropoda","Arachnida","Trombidiformes",,,,70,"Trombidiformes"
"TLM01",20220609,"TAL","Eukaryota","Arthropoda","Insecta","Coleoptera","Elmidae","Dubiraphia",,500,"Dubiraphia"
"TLM01",20220609,"TAL","Eukaryota","Arthropoda","Insecta","Coleoptera","Elmidae","Optioservus",,522,"Optioservus"
"TLM01",20220609,"TAL","Eukaryota","Arthropoda","Insecta","Coleoptera","Elmidae","Oulimnius","Oulimnius latiusculus",26,"Oulimnius latiusculus"
"TLM01",20220609,"TAL","Eukaryota","Arthropoda","Insecta","Coleoptera","Elmidae","Stenelmis","Stenelmis sp. BOLD:AAC4909",352,"Stenelmis sp. BOLD:AAC4909"
"TLM01",20220609,"TAL","Eukaryota","Arthropoda","Insecta","Diptera","Chironomidae","Cryptochironomus",,348,"Cryptochironomus"
"TLM01",20220609,"TAL","Eukaryota","Arthropoda","Insecta","Diptera","Chironomidae","Rheotanytarsus","Rheotanytarsus sp. BOLD-2016",60,"Rheotanytarsus sp. BOLD-2016"
"TLM01",20220609,"TAL","Eukaryota","Arthropoda","Insecta","Diptera","Chironomidae","Tanytarsus",,65,"Tanytarsus"
"TLM01",20220609,"TAL","Eukaryota","Arthropoda","Insecta","Diptera","Chironomidae","Thienemannimyia",,114,"Thienemannimyia"
"TLM01",20220609,"TAL","Eukaryota","Arthropoda","Insecta","Diptera","Empididae","Roederiodes","Roederiodes sp. BOLD:ABA0444",28,"Roederiodes sp. BOLD:ABA0444"
"TLM01",20220609,"TAL","Eukaryota","Arthropoda","Insecta","Ephemeroptera","Ephemerellidae","Ephemerella",,31,"Ephemerella"
"TLM01",20220609,"TAL","Eukaryota","Arthropoda","Insecta","Ephemeroptera",,,,55,"Ephemeroptera"
"TLM01",20220609,"TAL","Eukaryota","Arthropoda","Insecta","Megaloptera","Corydalidae","Nigronia","Nigronia fasciatus",15,"Nigronia fasciatus"
"TLM01",20220609,"TAL","Eukaryota","Arthropoda","Insecta","Plecoptera","Leuctridae","Leuctra","Leuctra sp. AMI 1",596,"Leuctra sp. AMI 1"
"TLM01",20220609,"TAL","Eukaryota","Arthropoda","Insecta","Plecoptera","Leuctridae","Leuctra","Leuctra sp. BOLD:AAC1685",146,"Leuctra sp. BOLD:AAC1685"
"TLM01",20220609,"TAL","Eukaryota","Arthropoda","Insecta","Plecoptera","Leuctridae","Leuctra","Leuctra tenuis",16,"Leuctra tenuis"
"TLM01",20220609,"TAL","Eukaryota","Arthropoda","Insecta","Plecoptera","Perlidae","Eccoptura",,80,"Eccoptura"
"TLM01",20220609,"TAL","Eukaryota","Arthropoda","Insecta","Plecoptera","Perlidae","Perlesta","Perlesta nelsoni",274,"Perlesta nelsoni"
"TLM01",20220609,"TAL","Eukaryota","Arthropoda","Insecta","Trichoptera","Hydropsychidae","Cheumatopsyche",,72,"Cheumatopsyche"
"TLM01",20220609,"TAL","Eukaryota","Arthropoda","Insecta","Trichoptera","Hydropsychidae","Diplectrona","Diplectrona modesta",10,"Diplectrona modesta"
"TLM01",20220628,"TAL","Eukaryota","Arthropoda","Insecta","Coleoptera","Elmidae","Optioservus",,501,"Optioservus"
"TLM01",20220628,"TAL","Eukaryota","Arthropoda","Insecta","Coleoptera","Elmidae","Oulimnius","Oulimnius latiusculus",9,"Oulimnius latiusculus"
"TLM01",20220628,"TAL","Eukaryota","Arthropoda","Insecta","Diptera","Chironomidae","Cryptochironomus",,22,"Cryptochironomus"
"TLM01",20220628,"TAL","Eukaryota","Arthropoda","Insecta","Diptera","Chironomidae","Polypedilum","Polypedilum convictum",8,"Polypedilum convictum"
"TLM01",20220628,"TAL","Eukaryota","Arthropoda","Insecta","Diptera","Chironomidae","Stempellinella","Stempellinella fimbriata",8,"Stempellinella fimbriata"
"TLM01",20220628,"TAL","Eukaryota","Arthropoda","Insecta","Diptera","Chironomidae","Tanytarsus",,16,"Tanytarsus"
"TLM01",20220628,"TAL","Eukaryota","Arthropoda","Insecta","Hemiptera","Veliidae","Microvelia","Microvelia americana",12,"Microvelia americana"
"TLM01",20220628,"TAL","Eukaryota","Arthropoda","Insecta","Megaloptera","Corydalidae","Nigronia","Nigronia serricornis",2043,"Nigronia serricornis"
"TLM01",20220628,"TAL","Eukaryota","Arthropoda","Insecta","Odonata","Aeshnidae","Boyeria",,26,"Boyeria"
"TLM01",20220628,"TAL","Eukaryota","Arthropoda","Insecta","Odonata","Calopterygidae","Calopteryx","Calopteryx maculata",241,"Calopteryx maculata"
"TLM01",20220628,"TAL","Eukaryota","Arthropoda","Insecta","Plecoptera","Leuctridae","Leuctra","Leuctra sp. BOLD:AAC1685",141,"Leuctra sp. BOLD:AAC1685"
"TLM01",20220628,"TAL","Eukaryota","Arthropoda","Insecta","Plecoptera","Peltoperlidae","Tallaperla",,912,"Tallaperla"
"TLM01",20220628,"TAL","Eukaryota","Arthropoda","Insecta","Plecoptera","Perlidae","Eccoptura","Eccoptura xanthenes",17,"Eccoptura xanthenes"
"TLM01",20220719,"TAL","Eukaryota","Arthropoda","Insecta","Coleoptera","Elmidae","Oulimnius",,9,"Oulimnius"
"TLM01",20220719,"TAL","Eukaryota","Arthropoda","Insecta","Diptera","Ceratopogonidae",,,995,"Ceratopogonidae"
"TLM01",20220719,"TAL","Eukaryota","Arthropoda","Insecta","Diptera","Chironomidae","Tanytarsus",,1102,"Tanytarsus"
"TLM01",20220719,"TAL","Eukaryota","Arthropoda","Insecta","Hemiptera","Veliidae","Rhagovelia",,9,"Rhagovelia"
"TLM01",20220719,"TAL","Eukaryota","Arthropoda","Insecta","Megaloptera","Corydalidae","Nigronia","Nigronia serricornis",387,"Nigronia serricornis"
"TLM01",20220719,"TAL","Eukaryota","Arthropoda","Insecta","Odonata","Calopterygidae","Calopteryx","Calopteryx maculata",395,"Calopteryx maculata"
"TLM01",20220719,"TAL","Eukaryota","Arthropoda","Insecta","Plecoptera","Leuctridae","Leuctra","Leuctra sp. AMI 1",374,"Leuctra sp. AMI 1"
"TLM01",20220719,"TAL","Eukaryota","Arthropoda","Insecta","Plecoptera","Perlidae","Eccoptura",,350,"Eccoptura"
"TLM01",20220719,"TAL","Eukaryota","Arthropoda","Insecta","Trichoptera","Hydroptilidae","Hydroptila","Hydroptila talladega",189,"Hydroptila talladega"
"TLM01",20220719,"TAL","Eukaryota","Arthropoda","Insecta","Trichoptera","Lepidostomatidae","Lepidostoma","Lepidostoma latipenne",304,"Lepidostoma latipenne"
"TLM01",20220811,"TAL","Eukaryota","Arthropoda","Insecta","Coleoptera","Elmidae","Optioservus",,49,"Optioservus"
"TLM01",20220811,"TAL","Eukaryota","Arthropoda","Insecta","Coleoptera","Elmidae","Stenelmis","Stenelmis sp. BOLD:AAC4909",38,"Stenelmis sp. BOLD:AAC4909"
"TLM01",20220811,"TAL","Eukaryota","Arthropoda","Insecta","Diptera","Chironomidae","Cryptochironomus",,11,"Cryptochironomus"
"TLM01",20220811,"TAL","Eukaryota","Arthropoda","Insecta","Diptera","Chironomidae","Lauterborniella","Lauterborniella agrayloides",51,"Lauterborniella agrayloides"
"TLM01",20220811,"TAL","Eukaryota","Arthropoda","Insecta","Diptera","Chironomidae","Rheotanytarsus","Rheotanytarsus sp. BOLD-2016",8,"Rheotanytarsus sp. BOLD-2016"
"TLM01",20220811,"TAL","Eukaryota","Arthropoda","Insecta","Diptera","Chironomidae","Stempellinella","Stempellinella fimbriata",35,"Stempellinella fimbriata"
"TLM01",20220811,"TAL","Eukaryota","Arthropoda","Insecta","Diptera","Chironomidae","Tanytarsus",,143,"Tanytarsus"
"TLM01",20220811,"TAL","Eukaryota","Arthropoda","Insecta","Diptera","Chironomidae","Tribelos",,56,"Tribelos"
"TLM01",20220811,"TAL","Eukaryota","Arthropoda","Insecta","Ephemeroptera","Ephemerellidae","Eurylophella","Eurylophella verisimilis",16,"Eurylophella verisimilis"
"TLM01",20220811,"TAL","Eukaryota","Arthropoda","Insecta","Ephemeroptera","Heptageniidae","Leucrocuta",,257,"Leucrocuta"
"TLM01",20220811,"TAL","Eukaryota","Arthropoda","Insecta","Ephemeroptera","Heptageniidae","Maccaffertium","Maccaffertium ithaca",60,"Maccaffertium ithaca"
"TLM01",20220811,"TAL","Eukaryota","Arthropoda","Insecta","Odonata","Calopterygidae","Calopteryx",,41,"Calopteryx"
"TLM01",20220811,"TAL","Eukaryota","Arthropoda","Insecta","Plecoptera","Leuctridae",,,50,"Leuctridae"
"TLM01",20220811,"TAL","Eukaryota","Arthropoda","Insecta","Plecoptera","Peltoperlidae","Tallaperla",,438,"Tallaperla"
"TLM01",20220811,"TAL","Eukaryota","Arthropoda","Insecta","Plecoptera","Perlidae","Eccoptura",,86,"Eccoptura"
"TLM01",20220811,"TAL","Eukaryota","Arthropoda","Insecta","Trichoptera","Leptoceridae","Mystacides","Mystacides sepulchralis",8,"Mystacides sepulchralis"
"TLM01",20220902,"TAL","Eukaryota","Arthropoda","Insecta","Coleoptera","Elmidae","Oulimnius",,29,"Oulimnius"
"TLM01",20220902,"TAL","Eukaryota","Arthropoda","Insecta","Coleoptera","Elmidae",,,626,"Elmidae"
"TLM01",20220902,"TAL","Eukaryota","Arthropoda","Insecta","Ephemeroptera","Ephemeridae","Ephemera","Ephemera blanda",8,"Ephemera blanda"
"TLM01",20220902,"TAL","Eukaryota","Arthropoda","Insecta","Hemiptera","Veliidae","Rhagovelia",,12,"Rhagovelia"
"TLM01",20220916,"TAL","Eukaryota","Arthropoda","Insecta","Coleoptera","Elmidae","Dubiraphia",,484,"Dubiraphia"
"TLM01",20220916,"TAL","Eukaryota","Arthropoda","Insecta","Coleoptera","Elmidae","Macronychus","Macronychus sp. BOLD:AAE7495",314,"Macronychus sp. BOLD:AAE7495"
"TLM01",20220916,"TAL","Eukaryota","Arthropoda","Insecta","Coleoptera","Elmidae","Stenelmis",,60,"Stenelmis"
"TLM01",20220916,"TAL","Eukaryota","Arthropoda","Insecta","Coleoptera","Psephenidae","Psephenus",,183,"Psephenus"
"TLM01",20220916,"TAL","Eukaryota","Arthropoda","Insecta","Diptera","Chironomidae","Polypedilum","Polypedilum sp. BOLD:AAB5362",229,"Polypedilum sp. BOLD:AAB5362"
"TLM01",20220916,"TAL","Eukaryota","Arthropoda","Insecta","Diptera","Simuliidae","Simulium",,218,"Simulium"
"TLM01",20220916,"TAL","Eukaryota","Arthropoda","Insecta","Ephemeroptera","Ephemeridae","Hexagenia",,123,"Hexagenia"
"TLM01",20220916,"TAL","Eukaryota","Arthropoda","Insecta","Megaloptera","Sialidae","Sialis",,15,"Sialis"
"TLM01",20220916,"TAL","Eukaryota","Arthropoda","Insecta","Odonata","Aeshnidae","Boyeria",,45,"Boyeria"
"TLM01",20220916,"TAL","Eukaryota","Arthropoda","Insecta","Odonata","Gomphidae","Ophiogomphus",,911,"Ophiogomphus"
"TLM01",20220916,"TAL","Eukaryota","Arthropoda","Insecta","Odonata","Gomphidae","Stylogomphus","Stylogomphus albistylus",96,"Stylogomphus albistylus"
"TLM01",20221007,"TAL","Eukaryota","Arthropoda","Hexanauplia","Cyclopoida","Cyclopidae","Macrocyclops",,12,"Macrocyclops"
"TLM01",20221007,"TAL","Eukaryota","Arthropoda","Insecta","Coleoptera","Elmidae","Dubiraphia",,48,"Dubiraphia"
"TLM01",20221007,"TAL","Eukaryota","Arthropoda","Insecta","Coleoptera","Elmidae","Oulimnius","Oulimnius latiusculus",19,"Oulimnius latiusculus"
"TLM01",20221007,"TAL","Eukaryota","Arthropoda","Insecta","Coleoptera","Psephenidae","Psephenus","Psephenus herricki",23,"Psephenus herricki"
"TLM01",20221007,"TAL","Eukaryota","Arthropoda","Insecta","Diptera","Chironomidae","Ablabesmyia","Ablabesmyia sp. CAM02",9,"Ablabesmyia sp. CAM02"
"TLM01",20221007,"TAL","Eukaryota","Arthropoda","Insecta","Diptera","Chironomidae","Brillia","Brillia sp. BOLD:AAI3832",12,"Brillia sp. BOLD:AAI3832"
"TLM01",20221007,"TAL","Eukaryota","Arthropoda","Insecta","Diptera","Chironomidae","Corynoneura",,15,"Corynoneura"
"TLM01",20221007,"TAL","Eukaryota","Arthropoda","Insecta","Diptera","Chironomidae","Parakiefferiella","Parakiefferiella sp. BOLD:AAI2682",15,"Parakiefferiella sp. BOLD:AAI2682"
"TLM01",20221007,"TAL","Eukaryota","Arthropoda","Insecta","Diptera","Chironomidae","Stempellinella","Stempellinella fimbriata",24,"Stempellinella fimbriata"
"TLM01",20221007,"TAL","Eukaryota","Arthropoda","Insecta","Diptera","Dixidae",,,28,"Dixidae"
"TLM01",20221007,"TAL","Eukaryota","Arthropoda","Insecta","Ephemeroptera","Ephemerellidae","Eurylophella","Eurylophella doris",11,"Eurylophella doris"
"TLM01",20221007,"TAL","Eukaryota","Arthropoda","Insecta","Ephemeroptera","Heptageniidae","Maccaffertium","Maccaffertium modestum",92,"Maccaffertium modestum"
"TLM01",20221007,"TAL","Eukaryota","Arthropoda","Insecta","Megaloptera","Corydalidae","Nigronia","Nigronia serricornis",279,"Nigronia serricornis"
"TLM01",20221007,"TAL","Eukaryota","Arthropoda","Insecta","Odonata","Calopterygidae","Calopteryx","Calopteryx maculata",1105,"Calopteryx maculata"
"TLM01",20221007,"TAL","Eukaryota","Arthropoda","Insecta","Trichoptera","Hydroptilidae","Hydroptila","Hydroptila talladega",26,"Hydroptila talladega"
"TLM01",20221007,"TAL","Eukaryota","Arthropoda","Insecta","Trichoptera","Leptoceridae","Triaenodes","Triaenodes ochraceus",12,"Triaenodes ochraceus"
"TLM01",20221024,"TAL","Eukaryota","Arthropoda","Insecta","Coleoptera","Elmidae","Optioservus",,58,"Optioservus"
"TLM01",20221024,"TAL","Eukaryota","Arthropoda","Insecta","Coleoptera","Elmidae","Stenelmis","Stenelmis sp. BOLD:AAC4909",21,"Stenelmis sp. BOLD:AAC4909"
"TLM01",20221024,"TAL","Eukaryota","Arthropoda","Insecta","Diptera","Chironomidae","Paratendipes",,14,"Paratendipes"
"TLM01",20221024,"TAL","Eukaryota","Arthropoda","Insecta","Diptera","Chironomidae","Polypedilum","Polypedilum aviceps",8,"Polypedilum aviceps"
"TLM01",20221024,"TAL","Eukaryota","Arthropoda","Insecta","Diptera","Chironomidae","Polypedilum","Polypedilum sp. BOLD-2016",25,"Polypedilum sp. BOLD-2016"
"TLM01",20221024,"TAL","Eukaryota","Arthropoda","Insecta","Diptera","Chironomidae","Thienemannimyia",,53,"Thienemannimyia"
"TLM01",20221024,"TAL","Eukaryota","Arthropoda","Insecta","Ephemeroptera","Ephemerellidae","Eurylophella","Eurylophella verisimilis",8,"Eurylophella verisimilis"
"TLM01",20221024,"TAL","Eukaryota","Arthropoda","Insecta","Ephemeroptera","Heptageniidae","Stenacron","Stenacron interpunctatum",50,"Stenacron interpunctatum"
"TLM01",20221024,"TAL","Eukaryota","Arthropoda","Insecta","Ephemeroptera","Heptageniidae","Stenacron","Stenacron pallidum",26,"Stenacron pallidum"
"TLM01",20221024,"TAL","Eukaryota","Arthropoda","Insecta","Odonata","Gomphidae","Stylogomphus","Stylogomphus sigmastylus",98,"Stylogomphus sigmastylus"
"TLM01",20221024,"TAL","Eukaryota","Arthropoda","Insecta","Plecoptera","Capniidae","Allocapnia",,33,"Allocapnia"
"TLM01",20221024,"TAL","Eukaryota","Arthropoda","Insecta","Plecoptera","Peltoperlidae","Tallaperla",,502,"Tallaperla"
"TLM01",20221024,"TAL","Eukaryota","Arthropoda","Malacostraca","Decapoda","Cambaridae","Cambarus",,1635,"Cambarus"
"TLM01",20221024,"TAL","Eukaryota","Arthropoda","Malacostraca","Decapoda","Cambaridae",,,10,"Cambaridae"
"TLM01",20221115,"TAL","Eukaryota","Arthropoda","Insecta","Coleoptera","Elmidae",,,58,"Elmidae"
"TLM01",20221115,"TAL","Eukaryota","Arthropoda","Insecta","Diptera","Chironomidae","Corynoneura",,253,"Corynoneura"
"TLM01",20221115,"TAL","Eukaryota","Arthropoda","Insecta","Diptera","Chironomidae","Stempellinella",,120,"Stempellinella"
"TLM01",20221115,"TAL","Eukaryota","Arthropoda","Insecta","Diptera","Chironomidae",,,18,"Chironomidae"
"TLM01",20221115,"TAL","Eukaryota","Arthropoda","Insecta","Ephemeroptera","Ephemerellidae","Eurylophella","Eurylophella bicolor",76,"Eurylophella bicolor"
"TLM01",20221115,"TAL","Eukaryota","Arthropoda","Insecta","Ephemeroptera","Ephemerellidae","Eurylophella","Eurylophella verisimilis",12,"Eurylophella verisimilis"
"TLM01",20221115,"TAL","Eukaryota","Arthropoda","Insecta","Ephemeroptera","Heptageniidae","Maccaffertium","Maccaffertium modestum",312,"Maccaffertium modestum"
"TLM01",20221115,"TAL","Eukaryota","Arthropoda","Insecta","Megaloptera","Corydalidae","Nigronia","Nigronia serricornis",634,"Nigronia serricornis"
"TLM01",20221115,"TAL","Eukaryota","Arthropoda","Insecta","Plecoptera","Capniidae","Allocapnia","Allocapnia recta",13,"Allocapnia recta"
"TLM01",20221115,"TAL","Eukaryota","Arthropoda","Insecta","Plecoptera","Perlidae","Perlesta","Perlesta nelsoni",51,"Perlesta nelsoni"
"TLM01",20221115,"TAL","Eukaryota","Arthropoda","Insecta","Trichoptera","Limnephilidae","Pycnopsyche","Pycnopsyche antica",96,"Pycnopsyche antica"
"TLM01",20221212,"TAL","Eukaryota","Annelida","Clitellata","Haplotaxida","Naididae","Aulodrilus","Aulodrilus pluriseta",28,"Aulodrilus pluriseta"
"TLM01",20221212,"TAL","Eukaryota","Arthropoda","Insecta","Coleoptera","Elmidae","Oulimnius",,28,"Oulimnius"
"TLM01",20221212,"TAL","Eukaryota","Arthropoda","Insecta","Coleoptera","Elmidae",,,30,"Elmidae"
"TLM01",20221212,"TAL","Eukaryota","Arthropoda","Insecta","Diptera","Chironomidae",,,17,"Chironomidae"
"TLM01",20221212,"TAL","Eukaryota","Arthropoda","Insecta","Diptera","Simuliidae","Simulium",,2450,"Simulium"
"TLM01",20221212,"TAL","Eukaryota","Arthropoda","Insecta","Ephemeroptera","Ephemerellidae","Eurylophella","Eurylophella verisimilis",525,"Eurylophella verisimilis"
"TLM01",20221212,"TAL","Eukaryota","Arthropoda","Insecta","Trichoptera","Limnephilidae","Pycnopsyche","Pycnopsyche luculenta",11,"Pycnopsyche luculenta"
"TLM01",20230106,"TAL","Eukaryota","Arthropoda","Insecta","Coleoptera","Elmidae","Dubiraphia",,44,"Dubiraphia"
"TLM01",20230106,"TAL","Eukaryota","Arthropoda","Insecta","Coleoptera","Elmidae","Oulimnius",,11,"Oulimnius"
"TLM01",20230106,"TAL","Eukaryota","Arthropoda","Insecta","Coleoptera","Elmidae",,,17,"Elmidae"
"TLM01",20230106,"TAL","Eukaryota","Arthropoda","Insecta","Ephemeroptera","Ephemerellidae","Eurylophella","Eurylophella verisimilis",19,"Eurylophella verisimilis"
"TLM01",20230106,"TAL","Eukaryota","Arthropoda","Insecta","Ephemeroptera","Leptophlebiidae","Habrophlebiodes","Habrophlebiodes americana",251,"Habrophlebiodes americana"
"TLM01",20230106,"TAL","Eukaryota","Arthropoda","Insecta","Trichoptera","Lepidostomatidae","Lepidostoma","Lepidostoma latipenne",17,"Lepidostoma latipenne"
"TLM01",20230130,"TAL","Eukaryota","Arthropoda","Insecta","Coleoptera","Elmidae","Oulimnius",,19,"Oulimnius"
"TLM01",20230130,"TAL","Eukaryota","Arthropoda","Insecta","Diptera","Chironomidae",,,226,"Chironomidae"
"TLM01",20230130,"TAL","Eukaryota","Arthropoda","Insecta","Diptera","Simuliidae","Simulium",,2871,"Simulium"
"TLM01",20230130,"TAL","Eukaryota","Arthropoda","Insecta","Diptera","Simuliidae",,,1864,"Simuliidae"
"TLM01",20230130,"TAL","Eukaryota","Arthropoda","Insecta","Ephemeroptera","Ephemerellidae","Ephemerella",,4722,"Ephemerella"
"TLM01",20230130,"TAL","Eukaryota","Arthropoda","Insecta","Ephemeroptera","Ephemerellidae","Eurylophella","Eurylophella verisimilis",733,"Eurylophella verisimilis"
"TLM01",20230130,"TAL","Eukaryota","Arthropoda","Insecta","Ephemeroptera","Leptophlebiidae","Habrophlebiodes","Habrophlebiodes americana",331,"Habrophlebiodes americana"
"TLM01",20230130,"TAL","Eukaryota","Arthropoda","Insecta","Plecoptera","Peltoperlidae","Tallaperla",,8486,"Tallaperla"
"TLM01",20230130,"TAL","Eukaryota","Arthropoda","Insecta","Trichoptera","Hydropsychidae","Cheumatopsyche",,169,"Cheumatopsyche"
"WHM01",20211104,"WHR","Eukaryota","Arthropoda","Insecta","Diptera","Chironomidae","Tanytarsus",,4553,"Tanytarsus"
"WHM01",20211104,"WHR","Eukaryota","Arthropoda","Insecta","Diptera","Chironomidae",,,6062,"Chironomidae"
"WHM01",20211104,"WHR","Eukaryota","Arthropoda","Insecta","Diptera","Simuliidae","Simulium",,572,"Simulium"
"WHM01",20211104,"WHR","Eukaryota","Arthropoda","Insecta","Ephemeroptera","Baetidae","Acerpenna",,549,"Acerpenna"
"WHM01",20211104,"WHR","Eukaryota","Arthropoda","Insecta","Ephemeroptera","Heptageniidae","Maccaffertium","Maccaffertium ithaca",432,"Maccaffertium ithaca"
"WHM01",20211129,"WHR","Eukaryota","Arthropoda","Collembola","Entomobryomorpha","Entomobryidae","Homidia","Homidia laha",13,"Homidia laha"
"WHM01",20211129,"WHR","Eukaryota","Arthropoda","Hexanauplia","Cyclopoida","Cyclopidae",,,20,"Cyclopidae"
"WHM01",20211129,"WHR","Eukaryota","Arthropoda","Insecta","Coleoptera","Dytiscidae","Neoporus","Neoporus sp. NHM-IR594",118,"Neoporus sp. NHM-IR594"
"WHM01",20211129,"WHR","Eukaryota","Arthropoda","Insecta","Diptera","Chironomidae","Ablabesmyia","Ablabesmyia sp. CAM02",61,"Ablabesmyia sp. CAM02"
"WHM01",20211129,"WHR","Eukaryota","Arthropoda","Insecta","Diptera","Chironomidae","Conchapelopia","Conchapelopia sp. BOLD-2016",85,"Conchapelopia sp. BOLD-2016"
"WHM01",20211129,"WHR","Eukaryota","Arthropoda","Insecta","Diptera","Chironomidae","Corynoneura",,107,"Corynoneura"
"WHM01",20211129,"WHR","Eukaryota","Arthropoda","Insecta","Diptera","Chironomidae","Parametriocnemus",,18,"Parametriocnemus"
"WHM01",20211129,"WHR","Eukaryota","Arthropoda","Insecta","Diptera","Chironomidae","Paratendipes","Paratendipes sp. BIOUG27752-D04",9,"Paratendipes sp. BIOUG27752-D04"
"WHM01",20211129,"WHR","Eukaryota","Arthropoda","Insecta","Diptera","Chironomidae","Polypedilum","Polypedilum aviceps",169,"Polypedilum aviceps"
"WHM01",20211129,"WHR","Eukaryota","Arthropoda","Insecta","Diptera","Chironomidae","Polypedilum","Polypedilum sp. BOLD:AAB5362",9,"Polypedilum sp. BOLD:AAB5362"
"WHM01",20211129,"WHR","Eukaryota","Arthropoda","Insecta","Diptera","Chironomidae","Rheotanytarsus","Rheotanytarsus sp. BOLD-2016",110,"Rheotanytarsus sp. BOLD-2016"
"WHM01",20211129,"WHR","Eukaryota","Arthropoda","Insecta","Diptera","Chironomidae","Stempellinella","Stempellinella fimbriata",37,"Stempellinella fimbriata"
"WHM01",20211129,"WHR","Eukaryota","Arthropoda","Insecta","Diptera","Chironomidae","Tanytarsus","Tanytarsus sp. BOLD-2016",362,"Tanytarsus sp. BOLD-2016"
"WHM01",20211129,"WHR","Eukaryota","Arthropoda","Insecta","Diptera","Empididae","Roederiodes","Roederiodes sp. BOLD:ABA0444",13,"Roederiodes sp. BOLD:ABA0444"
"WHM01",20211129,"WHR","Eukaryota","Arthropoda","Insecta","Diptera","Simuliidae","Simulium","Simulium sp. BOLD:AAA9710",9,"Simulium sp. BOLD:AAA9710"
"WHM01",20211129,"WHR","Eukaryota","Arthropoda","Insecta","Diptera","Tipulidae","Tipula",,100,"Tipula"
"WHM01",20211129,"WHR","Eukaryota","Arthropoda","Insecta","Ephemeroptera","Baetidae","Acerpenna","Acerpenna sp. BOLD:AAB3339",563,"Acerpenna sp. BOLD:AAB3339"
"WHM01",20211129,"WHR","Eukaryota","Arthropoda","Insecta","Ephemeroptera","Caenidae","Caenis","Caenis latipennis",88,"Caenis latipennis"
"WHM01",20211129,"WHR","Eukaryota","Arthropoda","Insecta","Ephemeroptera","Heptageniidae","Stenacron","Stenacron interpunctatum",418,"Stenacron interpunctatum"
"WHM01",20211129,"WHR","Eukaryota","Arthropoda","Insecta","Odonata","Calopterygidae","Calopteryx","Calopteryx maculata",772,"Calopteryx maculata"
"WHM01",20211129,"WHR","Eukaryota","Arthropoda","Insecta","Plecoptera","Capniidae","Allocapnia",,291,"Allocapnia"
"WHM01",20211220,"WHR","Eukaryota","Arthropoda","Hexanauplia","Cyclopoida","Cyclopidae",,,9,"Cyclopidae"
"WHM01",20211220,"WHR","Eukaryota","Arthropoda","Insecta","Coleoptera","Dytiscidae","Neoporus","Neoporus sp. NHM-IR594",16,"Neoporus sp. NHM-IR594"
"WHM01",20211220,"WHR","Eukaryota","Arthropoda","Insecta","Coleoptera","Elmidae","Stenelmis",,14,"Stenelmis"
"WHM01",20211220,"WHR","Eukaryota","Arthropoda","Insecta","Diptera","Ceratopogonidae","Palpomyia",,70,"Palpomyia"
"WHM01",20211220,"WHR","Eukaryota","Arthropoda","Insecta","Diptera","Chironomidae","Ablabesmyia","Ablabesmyia sp. CAM02",12,"Ablabesmyia sp. CAM02"
"WHM01",20211220,"WHR","Eukaryota","Arthropoda","Insecta","Diptera","Chironomidae","Conchapelopia","Conchapelopia sp. BOLD-2016",17,"Conchapelopia sp. BOLD-2016"
"WHM01",20211220,"WHR","Eukaryota","Arthropoda","Insecta","Diptera","Chironomidae","Parametriocnemus",,13,"Parametriocnemus"
"WHM01",20211220,"WHR","Eukaryota","Arthropoda","Insecta","Diptera","Chironomidae","Polypedilum","Polypedilum aviceps",765,"Polypedilum aviceps"
"WHM01",20211220,"WHR","Eukaryota","Arthropoda","Insecta","Diptera","Chironomidae","Polypedilum","Polypedilum convictum",21,"Polypedilum convictum"
"WHM01",20211220,"WHR","Eukaryota","Arthropoda","Insecta","Diptera","Chironomidae","Stempellinella","Stempellinella fimbriata",1954,"Stempellinella fimbriata"
"WHM01",20211220,"WHR","Eukaryota","Arthropoda","Insecta","Diptera","Chironomidae","Tanytarsus","Tanytarsus guerlus",85,"Tanytarsus guerlus"
"WHM01",20211220,"WHR","Eukaryota","Arthropoda","Insecta","Diptera","Chironomidae","Tanytarsus","Tanytarsus sp. BOLD-2016",94,"Tanytarsus sp. BOLD-2016"
"WHM01",20211220,"WHR","Eukaryota","Arthropoda","Insecta","Diptera","Limoniidae","Pilaria","Pilaria tenuipes",9,"Pilaria tenuipes"
"WHM01",20211220,"WHR","Eukaryota","Arthropoda","Insecta","Diptera","Simuliidae","Simulium",,229,"Simulium"
"WHM01",20211220,"WHR","Eukaryota","Arthropoda","Insecta","Ephemeroptera","Baetidae","Acerpenna","Acerpenna macdunnoughi",12,"Acerpenna macdunnoughi"
"WHM01",20211220,"WHR","Eukaryota","Arthropoda","Insecta","Ephemeroptera","Baetidae","Acerpenna","Acerpenna sp. BOLD:AAB3339",24,"Acerpenna sp. BOLD:AAB3339"
"WHM01",20211220,"WHR","Eukaryota","Arthropoda","Insecta","Ephemeroptera","Leptophlebiidae","Habrophlebiodes","Habrophlebiodes americana",17,"Habrophlebiodes americana"
"WHM01",20211220,"WHR","Eukaryota","Arthropoda","Insecta","Plecoptera","Capniidae","Allocapnia",,30,"Allocapnia"
"WHM01",20211220,"WHR","Eukaryota","Arthropoda","Insecta","Trichoptera","Limnephilidae","Pycnopsyche",,32,"Pycnopsyche"
"WHM01",20220106,"WHR","Eukaryota","Arthropoda","Insecta","Ephemeroptera","Baetidae","Acerpenna",,347,"Acerpenna"
"WHM01",20220106,"WHR","Eukaryota","Arthropoda","Insecta","Trichoptera","Limnephilidae","Pycnopsyche",,4311,"Pycnopsyche"
"WHM01",20220126,"WHR","Eukaryota","Arthropoda","Insecta","Ephemeroptera","Baetidae","Acerpenna",,290,"Acerpenna"
"WHM01",20220307,"WHR","Eukaryota","Arthropoda","Insecta","Coleoptera","Elmidae",,,9,"Elmidae"
"WHM01",20220307,"WHR","Eukaryota","Arthropoda","Insecta","Diptera","Ceratopogonidae","Palpomyia",,19,"Palpomyia"
"WHM01",20220307,"WHR","Eukaryota","Arthropoda","Insecta","Diptera","Chironomidae","Conchapelopia","Conchapelopia sp. BOLD-2016",46,"Conchapelopia sp. BOLD-2016"
"WHM01",20220307,"WHR","Eukaryota","Arthropoda","Insecta","Diptera","Chironomidae","Orthocladius","Orthocladius oliveri",161,"Orthocladius oliveri"
"WHM01",20220307,"WHR","Eukaryota","Arthropoda","Insecta","Diptera","Chironomidae","Parakiefferiella","Parakiefferiella sp. BOLD:AAI2682",15,"Parakiefferiella sp. BOLD:AAI2682"
"WHM01",20220307,"WHR","Eukaryota","Arthropoda","Insecta","Diptera","Chironomidae","Parametriocnemus","Parametriocnemus sp. BOLD-2016",102,"Parametriocnemus sp. BOLD-2016"
"WHM01",20220307,"WHR","Eukaryota","Arthropoda","Insecta","Diptera","Chironomidae","Polypedilum","Polypedilum aviceps",777,"Polypedilum aviceps"
"WHM01",20220307,"WHR","Eukaryota","Arthropoda","Insecta","Diptera","Chironomidae","Polypedilum","Polypedilum sp. BOLD:AAB5362",25,"Polypedilum sp. BOLD:AAB5362"
"WHM01",20220307,"WHR","Eukaryota","Arthropoda","Insecta","Diptera","Chironomidae","Stempellinella","Stempellinella fimbriata",22,"Stempellinella fimbriata"
"WHM01",20220307,"WHR","Eukaryota","Arthropoda","Insecta","Diptera","Chironomidae","Stempellinella","Stempellinella sp. BOLD:AAH0041",9,"Stempellinella sp. BOLD:AAH0041"
"WHM01",20220307,"WHR","Eukaryota","Arthropoda","Insecta","Diptera","Chironomidae","Tanytarsus","Tanytarsus guerlus",36,"Tanytarsus guerlus"
"WHM01",20220307,"WHR","Eukaryota","Arthropoda","Insecta","Diptera","Chironomidae","Thienemanniella","Thienemanniella xena",40,"Thienemanniella xena"
"WHM01",20220307,"WHR","Eukaryota","Arthropoda","Insecta","Diptera","Simuliidae","Simulium","Simulium sp. BOLD:AAA9710",546,"Simulium sp. BOLD:AAA9710"
"WHM01",20220307,"WHR","Eukaryota","Arthropoda","Insecta","Ephemeroptera","Baetidae","Acerpenna","Acerpenna macdunnoughi",8,"Acerpenna macdunnoughi"
"WHM01",20220307,"WHR","Eukaryota","Arthropoda","Insecta","Ephemeroptera","Baetidae","Acerpenna","Acerpenna sp. BOLD:AAB3339",50,"Acerpenna sp. BOLD:AAB3339"
"WHM01",20220307,"WHR","Eukaryota","Arthropoda","Insecta","Hemiptera","Veliidae","Microvelia","Microvelia americana",10,"Microvelia americana"
"WHM01",20220307,"WHR","Eukaryota","Arthropoda","Insecta","Plecoptera","Capniidae","Allocapnia",,348,"Allocapnia"
"WHM01",20220307,"WHR","Eukaryota","Arthropoda","Insecta","Plecoptera","Perlidae","Perlesta","Perlesta nelsoni",71,"Perlesta nelsoni"
"WHM01",20220511,"WHR","Eukaryota","Arthropoda","Insecta","Diptera","Chironomidae","Parametriocnemus","Parametriocnemus sp. BOLD-2016",337,"Parametriocnemus sp. BOLD-2016"
"WHM01",20220511,"WHR","Eukaryota","Arthropoda","Insecta","Diptera","Chironomidae","Polypedilum","Polypedilum aviceps",1476,"Polypedilum aviceps"
"WHM01",20220511,"WHR","Eukaryota","Arthropoda","Insecta","Diptera","Chironomidae","Polypedilum","Polypedilum sp. BOLD:AAB5362",63,"Polypedilum sp. BOLD:AAB5362"
"WHM01",20220511,"WHR","Eukaryota","Arthropoda","Insecta","Diptera","Chironomidae","Polypedilum","Polypedilum sp. BOLD:ACL4702",72,"Polypedilum sp. BOLD:ACL4702"
"WHM01",20220511,"WHR","Eukaryota","Arthropoda","Insecta","Diptera","Chironomidae","Rheotanytarsus",,12,"Rheotanytarsus"
"WHM01",20220511,"WHR","Eukaryota","Arthropoda","Insecta","Diptera","Chironomidae","Tanytarsus","Tanytarsus guerlus",8,"Tanytarsus guerlus"
"WHM01",20220511,"WHR","Eukaryota","Arthropoda","Insecta","Diptera","Chironomidae","Thienemanniella","Thienemanniella xena",19,"Thienemanniella xena"
"WHM01",20220511,"WHR","Eukaryota","Arthropoda","Insecta","Diptera","Simuliidae","Simulium","Simulium sp. BOLD:AAA9710",293,"Simulium sp. BOLD:AAA9710"
"WHM01",20220511,"WHR","Eukaryota","Arthropoda","Insecta","Ephemeroptera","Baetidae","Acerpenna","Acerpenna sp. BOLD:AAB3339",105,"Acerpenna sp. BOLD:AAB3339"
"WHM01",20220511,"WHR","Eukaryota","Arthropoda","Insecta","Trichoptera","Hydropsychidae","Diplectrona","Diplectrona modesta",59,"Diplectrona modesta"
"WHM01",20220601,"WHR","Eukaryota","Arthropoda","Insecta","Diptera","Chironomidae","Paratanytarsus",,10744,"Paratanytarsus"
"WHM01",20220601,"WHR","Eukaryota","Arthropoda","Insecta","Diptera","Chironomidae","Tanytarsus",,998,"Tanytarsus"
"WHM01",20220713,"WHR","Eukaryota","Arthropoda","Insecta","Hemiptera","Notonectidae","Notonecta","Notonecta irrorata",1882,"Notonecta irrorata"
"WHM01",20220801,"WHR","Eukaryota","Arthropoda","Insecta","Diptera","Chironomidae",,,4304,"Chironomidae"
"WHM01",20220801,"WHR","Eukaryota","Arthropoda","Insecta","Ephemeroptera","Heptageniidae","Stenacron","Stenacron interpunctatum",1060,"Stenacron interpunctatum"
"WHM01",20220914,"WHR","Eukaryota","Arthropoda","Insecta","Coleoptera","Elmidae","Stenelmis",,56,"Stenelmis"
"WHM01",20220914,"WHR","Eukaryota","Arthropoda","Insecta","Diptera","Chironomidae","Conchapelopia","Conchapelopia sp. BOLD-2016",142,"Conchapelopia sp. BOLD-2016"
"WHM01",20220914,"WHR","Eukaryota","Arthropoda","Insecta","Diptera","Chironomidae","Polypedilum","Polypedilum aviceps",111,"Polypedilum aviceps"
"WHM01",20220914,"WHR","Eukaryota","Arthropoda","Insecta","Diptera","Limoniidae",,,8,"Limoniidae"
"WHM01",20220914,"WHR","Eukaryota","Arthropoda","Insecta","Diptera","Simuliidae","Simulium",,9411,"Simulium"
"WHM01",20220914,"WHR","Eukaryota","Arthropoda","Insecta","Diptera","Tabanidae","Chrysops","Chrysops sp. BOLD:AAI4069",11,"Chrysops sp. BOLD:AAI4069"
"WHM01",20220914,"WHR","Eukaryota","Arthropoda","Insecta","Ephemeroptera","Baetidae","Acerpenna","Acerpenna macdunnoughi",14,"Acerpenna macdunnoughi"
"WHM01",20220914,"WHR","Eukaryota","Arthropoda","Insecta","Hemiptera","Veliidae","Microvelia","Microvelia americana",21,"Microvelia americana"
"WHM01",20220914,"WHR","Eukaryota","Arthropoda","Insecta","Odonata","Gomphidae","Gomphus","Gomphus graslinellus",8,"Gomphus graslinellus"
"WHM01",20221005,"WHR","Eukaryota","Annelida","Clitellata","Crassiclitellata","Megascolecidae","Amynthas","Amynthas corticis",157,"Amynthas corticis"
"WHM01",20221005,"WHR","Eukaryota","Arthropoda","Insecta","Coleoptera","Elmidae","Stenelmis",,31,"Stenelmis"
"WHM01",20221005,"WHR","Eukaryota","Arthropoda","Insecta","Diptera","Chironomidae","Polypedilum","Polypedilum aviceps",145,"Polypedilum aviceps"
"WHM01",20221005,"WHR","Eukaryota","Arthropoda","Insecta","Diptera","Chironomidae","Polypedilum","Polypedilum sp. BOLD:ACL4702",60,"Polypedilum sp. BOLD:ACL4702"
"WHM01",20221005,"WHR","Eukaryota","Arthropoda","Insecta","Diptera","Chironomidae","Rheotanytarsus",,14,"Rheotanytarsus"
"WHM01",20221005,"WHR","Eukaryota","Arthropoda","Insecta","Diptera","Chironomidae","Stempellinella","Stempellinella fimbriata",443,"Stempellinella fimbriata"
"WHM01",20221005,"WHR","Eukaryota","Arthropoda","Insecta","Diptera","Chironomidae","Tanytarsus","Tanytarsus guerlus",14,"Tanytarsus guerlus"
"WHM01",20221005,"WHR","Eukaryota","Arthropoda","Insecta","Diptera","Chironomidae","Tanytarsus","Tanytarsus sp. BOLD-2016",16,"Tanytarsus sp. BOLD-2016"
"WHM01",20221005,"WHR","Eukaryota","Arthropoda","Insecta","Diptera","Simuliidae","Simulium",,46,"Simulium"
"WHM01",20221005,"WHR","Eukaryota","Arthropoda","Insecta","Ephemeroptera","Caenidae","Caenis","Caenis latipennis",200,"Caenis latipennis"
"WHM01",20221005,"WHR","Eukaryota","Arthropoda","Insecta","Ephemeroptera","Heptageniidae","Stenacron","Stenacron interpunctatum",26,"Stenacron interpunctatum"
"WHM01",20221005,"WHR","Eukaryota","Arthropoda","Insecta","Hemiptera","Veliidae","Microvelia","Microvelia americana",25,"Microvelia americana"
"WHM01",20221005,"WHR","Eukaryota","Arthropoda","Insecta","Odonata","Calopterygidae","Calopteryx","Calopteryx maculata",111,"Calopteryx maculata"
"WHM01",20221005,"WHR","Eukaryota","Arthropoda","Insecta","Plecoptera","Capniidae","Allocapnia",,9,"Allocapnia"
"WHM01",20221026,"WHR","Eukaryota","Arthropoda","Insecta","Diptera","Chironomidae","Ablabesmyia","Ablabesmyia sp. CAM02",86,"Ablabesmyia sp. CAM02"
"WHM01",20221026,"WHR","Eukaryota","Arthropoda","Insecta","Diptera","Chironomidae","Corynoneura",,13,"Corynoneura"
"WHM01",20221026,"WHR","Eukaryota","Arthropoda","Insecta","Diptera","Chironomidae","Cryptochironomus",,11,"Cryptochironomus"
"WHM01",20221026,"WHR","Eukaryota","Arthropoda","Insecta","Diptera","Chironomidae","Paratendipes",,22,"Paratendipes"
"WHM01",20221026,"WHR","Eukaryota","Arthropoda","Insecta","Diptera","Chironomidae","Phaenopsectra","Phaenopsectra sp. BOLD:AAU8998",9,"Phaenopsectra sp. BOLD:AAU8998"
"WHM01",20221026,"WHR","Eukaryota","Arthropoda","Insecta","Diptera","Chironomidae","Polypedilum","Polypedilum sp. BOLD:ACL4702",118,"Polypedilum sp. BOLD:ACL4702"
"WHM01",20221026,"WHR","Eukaryota","Arthropoda","Insecta","Diptera","Chironomidae","Rheotanytarsus","Rheotanytarsus sp. BOLD-2016",14,"Rheotanytarsus sp. BOLD-2016"
"WHM01",20221026,"WHR","Eukaryota","Arthropoda","Insecta","Diptera","Chironomidae","Stempellinella","Stempellinella fimbriata",274,"Stempellinella fimbriata"
"WHM01",20221026,"WHR","Eukaryota","Arthropoda","Insecta","Diptera","Chironomidae","Tanytarsus","Tanytarsus sp. BOLD-2016",61,"Tanytarsus sp. BOLD-2016"
"WHM01",20221026,"WHR","Eukaryota","Arthropoda","Insecta","Diptera","Simuliidae","Simulium",,159,"Simulium"
"WHM01",20221026,"WHR","Eukaryota","Arthropoda","Insecta","Ephemeroptera","Baetidae","Acerpenna","Acerpenna sp. BOLD:AAB3339",66,"Acerpenna sp. BOLD:AAB3339"
"WHM01",20221026,"WHR","Eukaryota","Arthropoda","Insecta","Ephemeroptera","Heptageniidae","Stenacron","Stenacron interpunctatum",74,"Stenacron interpunctatum"
"WHM01",20221026,"WHR","Eukaryota","Arthropoda","Insecta","Odonata","Calopterygidae","Calopteryx","Calopteryx maculata",917,"Calopteryx maculata"
"WHM01",20221026,"WHR","Eukaryota","Arthropoda","Insecta","Odonata","Gomphidae","Gomphus","Gomphus graslinellus",200,"Gomphus graslinellus"
"WHM01",20221026,"WHR","Eukaryota","Arthropoda","Insecta","Plecoptera","Capniidae","Allocapnia",,8,"Allocapnia"
"WHM01",20221026,"WHR","Eukaryota","Arthropoda","Malacostraca","Decapoda","Cambaridae","Cambarus","Cambarus pyronotus",35,"Cambarus pyronotus"
"WHM01",20221116,"WHR","Eukaryota","Arthropoda","Insecta","Odonata","Calopterygidae","Calopteryx","Calopteryx maculata",9344,"Calopteryx maculata"
"WHM01",20221116,"WHR","Eukaryota","Arthropoda","Insecta","Trichoptera","Limnephilidae","Pycnopsyche",,4240,"Pycnopsyche"
"WHM01",20230209,"WHR","Eukaryota","Arthropoda","Insecta","Ephemeroptera","Baetidae","Acerpenna",,24,"Acerpenna"
